Date,PETR3.SA
2015-01-02,9.0
2015-01-05,8.270000457763672
2015-01-06,8.0600004196167
2015-01-07,8.449999809265137
2015-01-08,9.020000457763672
2015-01-09,9.289999961853027
2015-01-12,8.770000457763672
2015-01-13,8.829999923706055
2015-01-14,8.5
2015-01-15,9.25
2015-01-16,9.229999542236328
2015-01-19,8.880000114440918
2015-01-20,8.890000343322754
2015-01-21,9.460000038146973
2015-01-22,9.8100004196167
2015-01-23,9.520000457763672
2015-01-26,9.539999961853027
2015-01-27,9.640000343322754
2015-01-28,8.630000114440918
2015-01-29,8.470000267028809
2015-01-30,8.039999961853027
2015-02-02,8.569999694824219
2015-02-03,9.789999961853027
2015-02-04,9.899999618530273
2015-02-05,9.65999984741211
2015-02-06,9.029999732971191
2015-02-09,9.199999809265137
2015-02-10,8.829999923706055
2015-02-11,8.850000381469727
2015-02-12,9.369999885559082
2015-02-13,9.779999732971191
2015-02-18,9.949999809265137
2015-02-19,9.640000343322754
2015-02-20,9.539999961853027
2015-02-23,9.380000114440918
2015-02-24,9.739999771118164
2015-02-25,9.300000190734863
2015-02-26,9.199999809265137
2015-02-27,9.479999542236328
2015-03-02,9.279999732971191
2015-03-03,9.510000228881836
2015-03-04,9.149999618530273
2015-03-05,9.210000038146973
2015-03-06,9.09000015258789
2015-03-09,8.789999961853027
2015-03-10,8.319999694824219
2015-03-11,8.470000267028809
2015-03-12,8.279999732971191
2015-03-13,8.149999618530273
2015-03-16,8.25
2015-03-17,8.710000038146973
2015-03-18,9.09000015258789
2015-03-19,8.6899995803833
2015-03-20,9.15999984741211
2015-03-23,9.220000267028809
2015-03-24,9.239999771118164
2015-03-25,9.720000267028809
2015-03-26,9.229999542236328
2015-03-27,9.220000267028809
2015-03-30,9.59000015258789
2015-03-31,9.579999923706055
2015-04-01,10.079999923706055
2015-04-02,10.600000381469727
2015-04-06,10.579999923706055
2015-04-07,10.829999923706055
2015-04-08,10.5600004196167
2015-04-09,11.539999961853027
2015-04-10,11.829999923706055
2015-04-13,12.420000076293945
2015-04-14,12.449999809265137
2015-04-15,13.430000305175781
2015-04-16,13.069999694824219
2015-04-17,13.270000457763672
2015-04-20,13.239999771118164
2015-04-22,13.3100004196167
2015-04-23,14.0600004196167
2015-04-24,14.699999809265137
2015-04-27,13.630000114440918
2015-04-28,13.630000114440918
2015-04-29,13.729999542236328
2015-04-30,14.25
2015-05-04,15.039999961853027
2015-05-05,15.65999984741211
2015-05-06,14.8100004196167
2015-05-07,14.649999618530273
2015-05-08,14.5
2015-05-11,14.670000076293945
2015-05-12,14.699999809265137
2015-05-13,14.920000076293945
2015-05-14,14.8100004196167
2015-05-15,15.050000190734863
2015-05-18,14.640000343322754
2015-05-19,13.75
2015-05-20,13.699999809265137
2015-05-21,14.420000076293945
2015-05-22,14.100000381469727
2015-05-25,13.829999923706055
2015-05-26,13.359999656677246
2015-05-27,13.520000457763672
2015-05-28,13.609999656677246
2015-05-29,13.25
2015-06-01,13.25
2015-06-02,13.850000381469727
2015-06-03,13.829999923706055
2015-06-05,13.520000457763672
2015-06-08,13.550000190734863
2015-06-09,14.050000190734863
2015-06-10,14.149999618530273
2015-06-11,14.149999618530273
2015-06-12,14.180000305175781
2015-06-15,14.199999809265137
2015-06-16,14.680000305175781
2015-06-17,14.489999771118164
2015-06-18,14.800000190734863
2015-06-19,14.510000228881836
2015-06-22,14.550000190734863
2015-06-23,14.350000381469727
2015-06-24,14.619999885559082
2015-06-25,13.979999542236328
2015-06-26,14.649999618530273
2015-06-29,14.050000190734863
2015-06-30,14.029999732971191
2015-07-01,13.520000457763672
2015-07-02,13.640000343322754
2015-07-03,12.949999809265137
2015-07-06,12.850000381469727
2015-07-07,13.15999984741211
2015-07-08,12.979999542236328
2015-07-10,13.270000457763672
2015-07-13,13.270000457763672
2015-07-14,13.510000228881836
2015-07-15,13.180000305175781
2015-07-16,13.270000457763672
2015-07-17,12.619999885559082
2015-07-20,11.859999656677246
2015-07-21,11.850000381469727
2015-07-22,11.380000114440918
2015-07-23,11.289999961853027
2015-07-24,11.09000015258789
2015-07-27,10.420000076293945
2015-07-28,10.979999542236328
2015-07-29,11.800000190734863
2015-07-30,11.520000457763672
2015-07-31,11.579999923706055
2015-08-03,10.979999542236328
2015-08-04,11.109999656677246
2015-08-05,10.989999771118164
2015-08-06,11.460000038146973
2015-08-07,10.609999656677246
2015-08-10,11.010000228881836
2015-08-11,10.970000267028809
2015-08-12,11.029999732971191
2015-08-13,10.579999923706055
2015-08-14,10.350000381469727
2015-08-17,10.199999809265137
2015-08-18,10.020000457763672
2015-08-19,9.770000457763672
2015-08-20,9.6899995803833
2015-08-21,9.199999809265137
2015-08-24,8.699999809265137
2015-08-25,8.880000114440918
2015-08-26,9.130000114440918
2015-08-27,10.15999984741211
2015-08-28,10.279999732971191
2015-08-31,10.619999885559082
2015-09-01,9.949999809265137
2015-09-02,10.199999809265137
2015-09-03,10.239999771118164
2015-09-04,9.899999618530273
2015-09-08,10.050000190734863
2015-09-09,9.680000305175781
2015-09-10,9.3100004196167
2015-09-11,8.8100004196167
2015-09-14,8.829999923706055
2015-09-15,8.729999542236328
2015-09-16,9.479999542236328
2015-09-17,9.279999732971191
2015-09-18,8.90999984741211
2015-09-21,8.619999885559082
2015-09-22,8.350000381469727
2015-09-23,8.260000228881836
2015-09-24,8.300000190734863
2015-09-25,8.079999923706055
2015-09-28,7.670000076293945
2015-09-29,7.849999904632568
2015-09-30,8.539999961853027
2015-10-01,8.369999885559082
2015-10-02,9.149999618530273
2015-10-05,9.399999618530273
2015-10-06,9.890000343322754
2015-10-07,10.399999618530273
2015-10-08,10.75
2015-10-09,10.710000038146973
2015-10-13,9.84000015258789
2015-10-14,9.5600004196167
2015-10-15,9.65999984741211
2015-10-16,9.699999809265137
2015-10-19,9.670000076293945
2015-10-20,9.800000190734863
2015-10-21,9.489999771118164
2015-10-22,9.779999732971191
2015-10-23,9.6899995803833
2015-10-26,9.609999656677246
2015-10-27,9.239999771118164
2015-10-28,9.399999618530273
2015-10-29,9.300000190734863
2015-10-30,9.380000114440918
2015-11-03,10.5600004196167
2015-11-04,9.890000343322754
2015-11-05,9.899999618530273
2015-11-06,9.579999923706055
2015-11-09,9.270000457763672
2015-11-10,9.210000038146973
2015-11-11,9.260000228881836
2015-11-12,9.020000457763672
2015-11-13,8.779999732971191
2015-11-16,9.380000114440918
2015-11-17,9.420000076293945
2015-11-18,9.520000457763672
2015-11-19,9.510000228881836
2015-11-23,9.850000381469727
2015-11-24,10.449999809265137
2015-11-25,9.65999984741211
2015-11-26,9.699999809265137
2015-11-27,9.329999923706055
2015-11-30,9.40999984741211
2015-12-01,9.239999771118164
2015-12-02,9.470000267028809
2015-12-03,9.800000190734863
2015-12-04,9.130000114440918
2015-12-07,8.640000343322754
2015-12-08,8.539999961853027
2015-12-09,9.460000038146973
2015-12-10,9.199999809265137
2015-12-11,8.850000381469727
2015-12-14,8.770000457763672
2015-12-15,9.100000381469727
2015-12-16,8.949999809265137
2015-12-17,8.819999694824219
2015-12-18,8.65999984741211
2015-12-21,8.3100004196167
2015-12-22,8.539999961853027
2015-12-23,8.880000114440918
2015-12-28,8.609999656677246
2015-12-29,8.569999694824219
2015-12-30,8.569999694824219
2016-01-04,8.670000076293945
2016-01-05,8.449999809265137
2016-01-06,8.0600004196167
2016-01-07,7.829999923706055
2016-01-08,7.860000133514404
2016-01-11,7.579999923706055
2016-01-12,7.0
2016-01-13,6.800000190734863
2016-01-14,7.230000019073486
2016-01-15,6.710000038146973
2016-01-18,6.300000190734863
2016-01-19,6.150000095367432
2016-01-20,5.929999828338623
2016-01-21,6.289999961853027
2016-01-22,6.210000038146973
2016-01-26,5.960000038146973
2016-01-27,6.539999961853027
2016-01-28,6.519999980926514
2016-01-29,6.929999828338623
2016-02-01,6.579999923706055
2016-02-02,6.019999980926514
2016-02-03,6.179999828338623
2016-02-04,6.670000076293945
2016-02-05,6.389999866485596
2016-02-10,6.119999885559082
2016-02-11,5.909999847412109
2016-02-12,6.309999942779541
2016-02-15,6.429999828338623
2016-02-16,6.289999961853027
2016-02-17,6.78000020980835
2016-02-18,6.599999904632568
2016-02-19,6.380000114440918
2016-02-22,7.409999847412109
2016-02-23,7.079999923706055
2016-02-24,7.03000020980835
2016-02-25,6.980000019073486
2016-02-26,6.889999866485596
2016-02-29,7.349999904632568
2016-03-01,7.570000171661377
2016-03-02,8.100000381469727
2016-03-03,9.109999656677246
2016-03-04,9.979999542236328
2016-03-07,9.90999984741211
2016-03-08,9.649999618530273
2016-03-09,9.5600004196167
2016-03-10,9.8100004196167
2016-03-11,10.09000015258789
2016-03-14,9.539999961853027
2016-03-15,8.90999984741211
2016-03-16,9.600000381469727
2016-03-17,10.4399995803833
2016-03-18,10.300000190734863
2016-03-21,10.25
2016-03-22,10.479999542236328
2016-03-23,9.920000076293945
2016-03-24,9.989999771118164
2016-03-28,10.630000114440918
2016-03-29,10.630000114440918
2016-03-30,10.699999809265137
2016-03-31,10.630000114440918
2016-04-01,10.529999732971191
2016-04-04,9.600000381469727
2016-04-05,9.819999694824219
2016-04-06,9.729999542236328
2016-04-07,9.9399995803833
2016-04-08,10.489999771118164
2016-04-11,10.420000076293945
2016-04-12,11.350000381469727
2016-04-13,11.829999923706055
2016-04-14,11.470000267028809
2016-04-15,11.949999809265137
2016-04-18,11.770000457763672
2016-04-19,12.359999656677246
2016-04-20,12.34000015258789
2016-04-22,12.899999618530273
2016-04-25,12.359999656677246
2016-04-26,12.779999732971191
2016-04-27,13.399999618530273
2016-04-28,13.569999694824219
2016-04-29,13.270000457763672
2016-05-02,13.270000457763672
2016-05-03,12.819999694824219
2016-05-04,12.960000038146973
2016-05-05,12.640000343322754
2016-05-06,12.930000305175781
2016-05-09,12.069999694824219
2016-05-10,12.850000381469727
2016-05-11,12.90999984741211
2016-05-12,12.710000038146973
2016-05-13,12.119999885559082
2016-05-16,12.539999961853027
2016-05-17,12.399999618530273
2016-05-18,12.010000228881836
2016-05-19,11.510000228881836
2016-05-20,11.329999923706055
2016-05-23,11.039999961853027
2016-05-24,11.09000015258789
2016-05-25,11.100000381469727
2016-05-27,10.489999771118164
2016-05-30,10.579999923706055
2016-05-31,10.180000305175781
2016-06-01,10.40999984741211
2016-06-02,10.699999809265137
2016-06-03,10.8100004196167
2016-06-06,10.800000190734863
2016-06-07,11.130000114440918
2016-06-08,12.050000190734863
2016-06-09,11.75
2016-06-10,11.029999732971191
2016-06-13,10.819999694824219
2016-06-14,10.479999542236328
2016-06-15,10.640000343322754
2016-06-16,10.770000457763672
2016-06-17,11.390000343322754
2016-06-20,11.729999542236328
2016-06-21,11.9399995803833
2016-06-22,11.649999618530273
2016-06-23,12.050000190734863
2016-06-24,11.430000305175781
2016-06-27,10.800000190734863
2016-06-28,11.25
2016-06-29,11.569999694824219
2016-06-30,11.510000228881836
2016-07-01,12.0600004196167
2016-07-04,12.020000457763672
2016-07-05,11.34000015258789
2016-07-06,11.6899995803833
2016-07-07,11.970000267028809
2016-07-08,12.300000190734863
2016-07-11,12.890000343322754
2016-07-12,13.289999961853027
2016-07-13,12.989999771118164
2016-07-14,13.319999694824219
2016-07-15,13.220000267028809
2016-07-18,13.65999984741211
2016-07-19,13.829999923706055
2016-07-20,13.649999618530273
2016-07-21,13.800000190734863
2016-07-22,13.75
2016-07-25,13.760000228881836
2016-07-26,13.739999771118164
2016-07-27,13.600000381469727
2016-07-28,13.34000015258789
2016-07-29,14.010000228881836
2016-08-01,13.1899995803833
2016-08-02,12.970000267028809
2016-08-03,13.550000190734863
2016-08-04,13.569999694824219
2016-08-05,13.260000228881836
2016-08-08,13.75
2016-08-09,13.680000305175781
2016-08-10,13.15999984741211
2016-08-11,13.680000305175781
2016-08-12,13.90999984741211
2016-08-15,14.520000457763672
2016-08-16,14.65999984741211
2016-08-17,14.90999984741211
2016-08-18,15.180000305175781
2016-08-19,15.0600004196167
2016-08-22,14.470000267028809
2016-08-23,14.930000305175781
2016-08-24,14.640000343322754
2016-08-25,14.850000381469727
2016-08-26,14.960000038146973
2016-08-29,15.1899995803833
2016-08-30,15.180000305175781
2016-08-31,14.739999771118164
2016-09-01,14.869999885559082
2016-09-02,15.630000114440918
2016-09-05,16.079999923706055
2016-09-06,16.0
2016-09-08,16.389999389648438
2016-09-09,15.5
2016-09-12,16.030000686645508
2016-09-13,14.8100004196167
2016-09-14,14.9399995803833
2016-09-15,15.289999961853027
2016-09-16,14.899999618530273
2016-09-19,14.890000343322754
2016-09-20,15.050000190734863
2016-09-21,15.34000015258789
2016-09-22,15.539999961853027
2016-09-23,14.970000267028809
2016-09-26,14.699999809265137
2016-09-27,14.649999618530273
2016-09-28,15.329999923706055
2016-09-29,15.069999694824219
2016-09-30,15.140000343322754
2016-10-03,15.59000015258789
2016-10-04,15.609999656677246
2016-10-05,16.100000381469727
2016-10-06,16.799999237060547
2016-10-07,16.950000762939453
2016-10-10,17.489999771118164
2016-10-11,17.079999923706055
2016-10-13,17.5
2016-10-14,17.899999618530273
2016-10-17,18.40999984741211
2016-10-18,18.790000915527344
2016-10-19,18.989999771118164
2016-10-20,18.959999084472656
2016-10-21,19.31999969482422
2016-10-24,19.3799991607666
2016-10-25,18.969999313354492
2016-10-26,19.209999084472656
2016-10-27,19.25
2016-10-28,19.1299991607666
2016-10-31,18.639999389648438
2016-11-01,17.93000030517578
2016-11-03,17.170000076293945
2016-11-04,17.149999618530273
2016-11-07,18.31999969482422
2016-11-08,18.079999923706055
2016-11-09,18.25
2016-11-10,17.34000015258789
2016-11-11,16.329999923706055
2016-11-14,16.270000457763672
2016-11-16,16.950000762939453
2016-11-17,16.459999084472656
2016-11-18,16.420000076293945
2016-11-21,17.260000228881836
2016-11-22,17.690000534057617
2016-11-23,17.799999237060547
2016-11-24,17.559999465942383
2016-11-25,17.579999923706055
2016-11-28,17.6299991607666
2016-11-29,16.700000762939453
2016-11-30,18.469999313354492
2016-12-01,18.209999084472656
2016-12-02,18.649999618530273
2016-12-05,18.020000457763672
2016-12-06,18.610000610351562
2016-12-07,18.31999969482422
2016-12-08,18.360000610351562
2016-12-09,18.190000534057617
2016-12-12,18.350000381469727
2016-12-13,18.229999542236328
2016-12-14,17.59000015258789
2016-12-15,17.43000030517578
2016-12-16,17.219999313354492
2016-12-19,16.670000076293945
2016-12-20,16.639999389648438
2016-12-21,16.549999237060547
2016-12-22,16.350000381469727
2016-12-23,16.56999969482422
2016-12-26,16.729999542236328
2016-12-27,16.690000534057617
2016-12-28,16.979999542236328
2016-12-29,16.940000534057617
2017-01-02,16.530000686645508
2017-01-03,17.579999923706055
2017-01-04,17.3700008392334
2017-01-05,17.760000228881836
2017-01-06,17.489999771118164
2017-01-09,17.31999969482422
2017-01-10,17.610000610351562
2017-01-11,18.049999237060547
2017-01-12,18.350000381469727
2017-01-13,18.219999313354492
2017-01-16,18.25
2017-01-17,18.170000076293945
2017-01-18,18.030000686645508
2017-01-19,17.93000030517578
2017-01-20,17.829999923706055
2017-01-23,17.979999542236328
2017-01-24,17.729999542236328
2017-01-26,17.389999389648438
2017-01-27,17.079999923706055
2017-01-30,16.139999389648438
2017-01-31,16.190000534057617
2017-02-01,16.1200008392334
2017-02-02,15.899999618530273
2017-02-03,16.34000015258789
2017-02-06,15.970000267028809
2017-02-07,15.770000457763672
2017-02-08,16.100000381469727
2017-02-09,15.960000038146973
2017-02-10,16.350000381469727
2017-02-13,16.559999465942383
2017-02-14,16.809999465942383
2017-02-15,16.860000610351562
2017-02-16,16.969999313354492
2017-02-17,16.719999313354492
2017-02-20,17.079999923706055
2017-02-21,17.15999984741211
2017-02-22,16.600000381469727
2017-02-23,16.479999542236328
2017-02-24,15.960000038146973
2017-03-01,16.43000030517578
2017-03-02,15.850000381469727
2017-03-03,15.949999809265137
2017-03-06,15.880000114440918
2017-03-07,15.880000114440918
2017-03-08,14.899999618530273
2017-03-09,14.8100004196167
2017-03-10,14.789999961853027
2017-03-13,14.930000305175781
2017-03-14,14.369999885559082
2017-03-15,14.75
2017-03-16,14.380000114440918
2017-03-17,13.850000381469727
2017-03-20,14.180000305175781
2017-03-21,13.699999809265137
2017-03-22,14.149999618530273
2017-03-23,14.140000343322754
2017-03-24,14.170000076293945
2017-03-27,14.430000305175781
2017-03-28,14.680000305175781
2017-03-29,15.15999984741211
2017-03-30,15.100000381469727
2017-03-31,15.149999618530273
2017-04-03,15.319999694824219
2017-04-04,15.430000305175781
2017-04-05,15.329999923706055
2017-04-06,15.279999732971191
2017-04-07,15.369999885559082
2017-04-10,15.630000114440918
2017-04-11,15.25
2017-04-12,15.1899995803833
2017-04-13,14.510000228881836
2017-04-17,14.649999618530273
2017-04-18,14.460000038146973
2017-04-19,14.050000190734863
2017-04-20,14.270000457763672
2017-04-24,14.390000343322754
2017-04-25,14.680000305175781
2017-04-26,14.420000076293945
2017-04-27,14.199999809265137
2017-04-28,14.359999656677246
2017-05-02,14.359999656677246
2017-05-03,14.449999809265137
2017-05-04,14.0600004196167
2017-05-05,14.8100004196167
2017-05-08,14.720000267028809
2017-05-09,14.880000114440918
2017-05-10,15.350000381469727
2017-05-11,15.319999694824219
2017-05-12,15.930000305175781
2017-05-15,16.190000534057617
2017-05-16,16.190000534057617
2017-05-17,16.100000381469727
2017-05-18,14.270000457763672
2017-05-19,14.40999984741211
2017-05-22,14.3100004196167
2017-05-23,14.420000076293945
2017-05-24,14.8100004196167
2017-05-25,14.460000038146973
2017-05-26,14.550000190734863
2017-05-29,14.550000190734863
2017-05-30,14.170000076293945
2017-05-31,13.619999885559082
2017-06-01,13.539999961853027
2017-06-02,13.739999771118164
2017-06-05,13.979999542236328
2017-06-06,13.989999771118164
2017-06-07,13.680000305175781
2017-06-08,13.699999809265137
2017-06-09,13.779999732971191
2017-06-12,13.779999732971191
2017-06-13,13.869999885559082
2017-06-14,13.539999961853027
2017-06-15,13.539999961853027
2017-06-16,13.489999771118164
2017-06-19,13.329999923706055
2017-06-20,13.010000228881836
2017-06-21,12.779999732971191
2017-06-22,13.050000190734863
2017-06-23,12.890000343322754
2017-06-26,13.09000015258789
2017-06-27,12.989999771118164
2017-06-28,12.880000114440918
2017-06-29,13.010000228881836
2017-06-30,13.199999809265137
2017-07-03,13.279999732971191
2017-07-04,13.319999694824219
2017-07-05,13.0600004196167
2017-07-06,12.930000305175781
2017-07-07,12.680000305175781
2017-07-10,12.699999809265137
2017-07-11,13.069999694824219
2017-07-12,13.579999923706055
2017-07-13,13.550000190734863
2017-07-14,13.619999885559082
2017-07-17,13.449999809265137
2017-07-18,13.600000381469727
2017-07-19,13.84000015258789
2017-07-20,13.630000114440918
2017-07-21,13.289999961853027
2017-07-24,13.430000305175781
2017-07-25,13.770000457763672
2017-07-26,13.539999961853027
2017-07-27,13.609999656677246
2017-07-28,13.640000343322754
2017-07-31,13.800000190734863
2017-08-01,13.680000305175781
2017-08-02,14.029999732971191
2017-08-03,13.819999694824219
2017-08-04,13.899999618530273
2017-08-07,14.020000457763672
2017-08-08,13.899999618530273
2017-08-09,13.970000267028809
2017-08-10,13.619999885559082
2017-08-11,13.510000228881836
2017-08-14,13.600000381469727
2017-08-15,13.619999885559082
2017-08-16,13.579999923706055
2017-08-17,13.600000381469727
2017-08-18,14.039999961853027
2017-08-21,13.800000190734863
2017-08-22,14.3100004196167
2017-08-23,14.319999694824219
2017-08-24,14.399999618530273
2017-08-25,14.479999542236328
2017-08-28,14.399999618530273
2017-08-29,14.300000190734863
2017-08-30,13.880000114440918
2017-08-31,13.970000267028809
2017-09-01,14.600000381469727
2017-09-04,14.720000267028809
2017-09-05,14.850000381469727
2017-09-06,15.5
2017-09-07,15.5
2017-09-08,15.1899995803833
2017-09-11,15.520000457763672
2017-09-12,15.399999618530273
2017-09-13,15.680000305175781
2017-09-14,15.649999618530273
2017-09-15,15.579999923706055
2017-09-18,15.729999542236328
2017-09-19,15.779999732971191
2017-09-20,16.3799991607666
2017-09-21,16.18000030517578
2017-09-22,16.200000762939453
2017-09-25,16.31999969482422
2017-09-26,16.139999389648438
2017-09-27,15.880000114440918
2017-09-28,15.90999984741211
2017-09-29,15.8100004196167
2017-10-02,15.899999618530273
2017-10-03,16.639999389648438
2017-10-04,16.309999465942383
2017-10-05,16.56999969482422
2017-10-06,16.3700008392334
2017-10-09,16.479999542236328
2017-10-10,16.719999313354492
2017-10-11,16.639999389648438
2017-10-12,16.639999389648438
2017-10-13,16.579999923706055
2017-10-16,16.639999389648438
2017-10-17,16.610000610351562
2017-10-18,16.610000610351562
2017-10-19,16.5
2017-10-20,16.549999237060547
2017-10-23,16.5
2017-10-24,16.850000381469727
2017-10-25,17.020000457763672
2017-10-26,17.100000381469727
2017-10-27,17.399999618530273
2017-10-30,17.350000381469727
2017-10-31,17.420000076293945
2017-11-01,17.540000915527344
2017-11-02,17.540000915527344
2017-11-03,17.709999084472656
2017-11-06,18.100000381469727
2017-11-07,17.270000457763672
2017-11-08,17.739999771118164
2017-11-09,17.5
2017-11-10,17.530000686645508
2017-11-13,17.479999542236328
2017-11-14,16.049999237060547
2017-11-15,16.049999237060547
2017-11-16,16.350000381469727
2017-11-17,16.520000457763672
2017-11-20,16.520000457763672
2017-11-21,16.360000610351562
2017-11-22,16.5
2017-11-23,16.639999389648438
2017-11-24,16.549999237060547
2017-11-27,16.31999969482422
2017-11-28,16.280000686645508
2017-11-29,15.90999984741211
2017-11-30,15.949999809265137
2017-12-01,16.110000610351562
2017-12-04,16.09000015258789
2017-12-05,15.920000076293945
2017-12-06,16.0
2017-12-07,15.859999656677246
2017-12-08,15.890000343322754
2017-12-11,15.970000267028809
2017-12-12,16.190000534057617
2017-12-13,15.9399995803833
2017-12-14,15.8100004196167
2017-12-15,15.5600004196167
2017-12-18,15.84000015258789
2017-12-19,15.760000228881836
2017-12-20,15.960000038146973
2017-12-21,16.649999618530273
2017-12-22,16.59000015258789
2017-12-25,16.59000015258789
2017-12-26,16.700000762939453
2017-12-27,16.760000228881836
2017-12-28,16.90999984741211
2017-12-29,16.90999984741211
2018-01-02,17.329999923706055
2018-01-03,17.549999237060547
2018-01-04,17.700000762939453
2018-01-05,17.84000015258789
2018-01-08,18.1200008392334
2018-01-09,18.1200008392334
2018-01-10,17.780000686645508
2018-01-11,18.219999313354492
2018-01-12,18.360000610351562
2018-01-15,18.459999084472656
2018-01-16,18.790000915527344
2018-01-17,19.469999313354492
2018-01-18,19.440000534057617
2018-01-19,19.309999465942383
2018-01-22,19.510000228881836
2018-01-23,19.34000015258789
2018-01-24,20.6299991607666
2018-01-25,20.6299991607666
2018-01-26,21.709999084472656
2018-01-29,21.709999084472656
2018-01-30,21.18000030517578
2018-01-31,21.299999237060547
2018-02-01,22.1299991607666
2018-02-02,21.540000915527344
2018-02-05,20.56999969482422
2018-02-06,21.600000381469727
2018-02-07,20.979999542236328
2018-02-08,20.350000381469727
2018-02-09,20.09000015258789
2018-02-15,20.729999542236328
2018-02-16,20.719999313354492
2018-02-19,21.299999237060547
2018-02-20,21.68000030517578
2018-02-21,21.440000534057617
2018-02-22,22.079999923706055
2018-02-23,22.649999618530273
2018-02-26,23.18000030517578
2018-02-27,23.1200008392334
2018-02-28,23.149999618530273
2018-03-01,22.770000457763672
2018-03-02,23.18000030517578
2018-03-05,23.84000015258789
2018-03-06,23.68000030517578
2018-03-07,23.360000610351562
2018-03-08,23.389999389648438
2018-03-09,24.0
2018-03-12,23.899999618530273
2018-03-13,23.670000076293945
2018-03-14,23.610000610351562
2018-03-15,23.1200008392334
2018-03-16,23.3700008392334
2018-03-19,22.59000015258789
2018-03-20,22.889999389648438
2018-03-21,23.760000228881836
2018-03-22,23.6299991607666
2018-03-23,23.709999084472656
2018-03-26,23.90999984741211
2018-03-27,23.31999969482422
2018-03-28,23.030000686645508
2018-03-29,23.360000610351562
2018-04-02,22.739999771118164
2018-04-03,22.799999237060547
2018-04-04,22.719999313354492
2018-04-05,23.34000015258789
2018-04-06,23.579999923706055
2018-04-09,22.899999618530273
2018-04-10,23.799999237060547
2018-04-11,24.350000381469727
2018-04-12,24.389999389648438
2018-04-13,23.729999542236328
2018-04-16,22.889999389648438
2018-04-17,23.309999465942383
2018-04-18,24.06999969482422
2018-04-19,24.3700008392334
2018-04-20,24.43000030517578
2018-04-23,24.350000381469727
2018-04-24,24.270000457763672
2018-04-25,23.5
2018-04-26,24.450000762939453
2018-04-27,24.520000457763672
2018-04-30,24.6299991607666
2018-05-02,24.56999969482422
2018-05-03,24.309999465942383
2018-05-04,23.889999389648438
2018-05-07,24.739999771118164
2018-05-08,24.739999771118164
2018-05-09,27.219999313354492
2018-05-10,28.84000015258789
2018-05-11,28.950000762939453
2018-05-14,30.149999618530273
2018-05-15,30.90999984741211
2018-05-16,31.6299991607666
2018-05-17,30.209999084472656
2018-05-18,30.149999618530273
2018-05-21,29.139999389648438
2018-05-22,28.420000076293945
2018-05-23,27.149999618530273
2018-05-24,23.200000762939453
2018-05-25,23.030000686645508
2018-05-28,19.790000915527344
2018-05-29,22.239999771118164
2018-05-30,22.190000534057617
2018-06-01,18.8799991607666
2018-06-04,19.979999542236328
2018-06-05,19.3799991607666
2018-06-06,19.270000457763672
2018-06-07,18.920000076293945
2018-06-08,18.0
2018-06-11,18.389999389648438
2018-06-12,18.239999771118164
2018-06-13,17.989999771118164
2018-06-14,17.979999542236328
2018-06-15,17.799999237060547
2018-06-18,17.209999084472656
2018-06-19,17.850000381469727
2018-06-20,18.579999923706055
2018-06-21,17.649999618530273
2018-06-22,17.760000228881836
2018-06-25,18.09000015258789
2018-06-26,18.520000457763672
2018-06-27,19.020000457763672
2018-06-28,18.90999984741211
2018-06-29,19.420000076293945
2018-07-02,19.68000030517578
2018-07-03,19.75
2018-07-04,20.709999084472656
2018-07-05,20.09000015258789
2018-07-06,20.219999313354492
2018-07-10,20.190000534057617
2018-07-11,20.020000457763672
2018-07-12,20.600000381469727
2018-07-13,20.579999923706055
2018-07-16,20.3799991607666
2018-07-17,21.059999465942383
2018-07-18,20.649999618530273
2018-07-19,20.889999389648438
2018-07-20,21.420000076293945
2018-07-23,21.520000457763672
2018-07-24,21.899999618530273
2018-07-25,22.18000030517578
2018-07-26,21.6200008392334
2018-07-27,22.100000381469727
2018-07-30,22.059999465942383
2018-07-31,21.940000534057617
2018-08-01,22.06999969482422
2018-08-02,22.440000534057617
2018-08-03,23.219999313354492
2018-08-06,23.299999237060547
2018-08-07,23.209999084472656
2018-08-08,22.739999771118164
2018-08-09,22.760000228881836
2018-08-10,22.15999984741211
2018-08-13,22.399999618530273
2018-08-14,22.260000228881836
2018-08-15,21.3799991607666
2018-08-16,21.290000915527344
2018-08-17,20.950000762939453
2018-08-20,21.0
2018-08-21,20.649999618530273
2018-08-22,21.260000228881836
2018-08-23,20.969999313354492
2018-08-24,21.09000015258789
2018-08-27,21.450000762939453
2018-08-28,21.239999771118164
2018-08-29,22.170000076293945
2018-08-30,21.68000030517578
2018-08-31,22.079999923706055
2018-09-03,21.75
2018-09-04,21.520000457763672
2018-09-05,21.729999542236328
2018-09-06,21.920000076293945
2018-09-10,22.200000762939453
2018-09-11,21.579999923706055
2018-09-12,22.15999984741211
2018-09-13,21.850000381469727
2018-09-14,22.0
2018-09-17,22.469999313354492
2018-09-18,23.280000686645508
2018-09-19,23.149999618530273
2018-09-20,22.989999771118164
2018-09-21,23.270000457763672
2018-09-24,23.149999618530273
2018-09-25,23.270000457763672
2018-09-26,23.360000610351562
2018-09-27,24.5
2018-09-28,24.229999542236328
2018-10-01,24.18000030517578
2018-10-02,25.809999465942383
2018-10-03,26.479999542236328
2018-10-04,26.760000228881836
2018-10-05,26.65999984741211
2018-10-08,29.190000534057617
2018-10-09,29.729999542236328
2018-10-10,28.6299991607666
2018-10-11,28.100000381469727
2018-10-15,28.75
2018-10-16,29.799999237060547
2018-10-17,29.600000381469727
2018-10-18,28.649999618530273
2018-10-19,28.940000534057617
2018-10-22,29.719999313354492
2018-10-23,29.15999984741211
2018-10-24,28.31999969482422
2018-10-25,28.90999984741211
2018-10-26,30.0
2018-10-29,28.920000076293945
2018-10-30,30.520000457763672
2018-10-31,30.31999969482422
2018-11-01,29.770000457763672
2018-11-05,30.649999618530273
2018-11-06,29.860000610351562
2018-11-07,29.200000762939453
2018-11-08,28.239999771118164
2018-11-09,28.1299991607666
2018-11-12,27.989999771118164
2018-11-13,26.700000762939453
2018-11-14,27.190000534057617
2018-11-16,28.049999237060547
2018-11-19,28.030000686645508
2018-11-21,27.3799991607666
2018-11-22,27.329999923706055
2018-11-23,26.690000534057617
2018-11-26,27.100000381469727
2018-11-27,28.020000457763672
2018-11-28,27.670000076293945
2018-11-29,27.850000381469727
2018-11-30,28.1299991607666
2018-12-03,28.93000030517578
2018-12-04,28.420000076293945
2018-12-05,28.59000015258789
2018-12-06,27.399999618530273
2018-12-07,27.850000381469727
2018-12-10,26.469999313354492
2018-12-11,26.299999237060547
2018-12-12,26.389999389648438
2018-12-13,26.530000686645508
2018-12-14,26.329999923706055
2018-12-17,26.049999237060547
2018-12-18,25.170000076293945
2018-12-19,24.760000228881836
2018-12-20,24.15999984741211
2018-12-21,24.18000030517578
2018-12-26,24.579999923706055
2018-12-27,24.440000534057617
2018-12-28,25.399999618530273
2019-01-02,26.649999618530273
2019-01-03,27.200000762939453
2019-01-04,27.510000228881836
2019-01-07,28.399999618530273
2019-01-08,28.25
2019-01-09,28.81999969482422
2019-01-10,28.68000030517578
2019-01-11,28.5
2019-01-14,28.399999618530273
2019-01-15,28.309999465942383
2019-01-16,28.540000915527344
2019-01-17,28.780000686645508
2019-01-18,29.149999618530273
2019-01-21,29.290000915527344
2019-01-22,28.850000381469727
2019-01-23,29.149999618530273
2019-01-24,29.459999084472656
2019-01-28,28.420000076293945
2019-01-29,29.040000915527344
2019-01-30,29.440000534057617
2019-01-31,29.549999237060547
2019-02-01,30.020000457763672
2019-02-04,30.360000610351562
2019-02-05,30.549999237060547
2019-02-06,30.010000228881836
2019-02-07,29.479999542236328
2019-02-08,29.270000457763672
2019-02-11,28.899999618530273
2019-02-12,29.940000534057617
2019-02-13,30.649999618530273
2019-02-14,31.290000915527344
2019-02-15,31.049999237060547
2019-02-18,30.690000534057617
2019-02-19,31.260000228881836
2019-02-20,31.260000228881836
2019-02-21,31.43000030517578
2019-02-22,31.25
2019-02-25,30.5
2019-02-26,30.510000228881836
2019-02-27,30.670000076293945
2019-02-28,29.860000610351562
2019-03-01,29.200000762939453
2019-03-07,29.219999313354492
2019-03-08,29.0
2019-03-11,30.639999389648438
2019-03-12,30.1299991607666
2019-03-13,30.940000534057617
2019-03-14,31.290000915527344
2019-03-15,31.6200008392334
2019-03-18,32.2599983215332
2019-03-19,32.77000045776367
2019-03-20,32.970001220703125
2019-03-21,32.310001373291016
2019-03-22,30.770000457763672
2019-03-25,30.649999618530273
2019-03-26,31.93000030517578
2019-03-27,30.450000762939453
2019-03-28,30.959999084472656
2019-03-29,31.149999618530273
2019-04-01,30.8700008392334
2019-04-02,31.0
2019-04-03,30.350000381469727
2019-04-04,31.350000381469727
2019-04-05,32.04999923706055
2019-04-08,32.7400016784668
2019-04-09,32.45000076293945
2019-04-10,32.27000045776367
2019-04-11,31.850000381469727
2019-04-12,29.1299991607666
2019-04-15,29.110000610351562
2019-04-16,30.149999618530273
2019-04-17,30.18000030517578
2019-04-18,30.760000228881836
2019-04-22,30.8700008392334
2019-04-23,31.1200008392334
2019-04-24,30.579999923706055
2019-04-25,30.65999984741211
2019-04-26,30.389999389648438
2019-04-29,30.25
2019-04-30,29.959999084472656
2019-05-02,29.510000228881836
2019-05-03,29.559999465942383
2019-05-06,29.540000915527344
2019-05-07,29.219999313354492
2019-05-08,30.219999313354492
2019-05-09,29.360000610351562
2019-05-10,29.350000381469727
2019-05-13,28.510000228881836
2019-05-14,28.520000457763672
2019-05-15,28.31999969482422
2019-05-16,27.780000686645508
2019-05-17,27.559999465942383
2019-05-20,28.06999969482422
2019-05-21,28.799999237060547
2019-05-22,28.770000457763672
2019-05-23,28.270000457763672
2019-05-24,28.329999923706055
2019-05-27,28.739999771118164
2019-05-28,29.1299991607666
2019-05-29,28.899999618530273
2019-05-30,28.850000381469727
2019-05-31,28.229999542236328
2019-06-03,28.850000381469727
2019-06-04,29.020000457763672
2019-06-05,28.610000610351562
2019-06-06,29.059999465942383
2019-06-07,29.850000381469727
2019-06-10,29.350000381469727
2019-06-11,29.950000762939453
2019-06-12,29.510000228881836
2019-06-13,29.90999984741211
2019-06-14,30.190000534057617
2019-06-17,30.149999618530273
2019-06-18,30.610000610351562
2019-06-19,30.84000015258789
2019-06-21,31.790000915527344
2019-06-24,31.65999984741211
2019-06-25,30.700000762939453
2019-06-26,30.549999237060547
2019-06-27,29.889999389648438
2019-06-28,30.020000457763672
2019-07-01,29.920000076293945
2019-07-02,29.469999313354492
2019-07-03,29.770000457763672
2019-07-04,30.15999984741211
2019-07-05,30.030000686645508
2019-07-08,30.610000610351562
2019-07-10,30.719999313354492
2019-07-11,31.299999237060547
2019-07-12,31.5
2019-07-15,30.969999313354492
2019-07-16,30.600000381469727
2019-07-17,30.399999618530273
2019-07-18,30.06999969482422
2019-07-19,30.059999465942383
2019-07-22,30.100000381469727
2019-07-23,30.25
2019-07-24,30.0
2019-07-25,29.459999084472656
2019-07-26,28.540000915527344
2019-07-29,28.889999389648438
2019-07-30,28.700000762939453
2019-07-31,28.790000915527344
2019-08-01,28.350000381469727
2019-08-02,29.209999084472656
2019-08-05,28.0
2019-08-06,28.469999313354492
2019-08-07,28.200000762939453
2019-08-08,28.8700008392334
2019-08-09,28.6200008392334
2019-08-12,27.850000381469727
2019-08-13,27.959999084472656
2019-08-14,27.100000381469727
2019-08-15,26.5
2019-08-16,26.3799991607666
2019-08-19,26.739999771118164
2019-08-20,26.489999771118164
2019-08-21,27.899999618530273
2019-08-22,27.6299991607666
2019-08-23,26.760000228881836
2019-08-26,26.40999984741211
2019-08-27,26.90999984741211
2019-08-28,27.100000381469727
2019-08-29,28.1200008392334
2019-08-30,28.270000457763672
2019-09-02,27.969999313354492
2019-09-03,28.110000610351562
2019-09-04,28.81999969482422
2019-09-05,29.0
2019-09-06,29.190000534057617
2019-09-09,29.770000457763672
2019-09-10,30.0
2019-09-11,29.469999313354492
2019-09-12,29.829999923706055
2019-09-13,29.65999984741211
2019-09-16,31.0
2019-09-17,30.520000457763672
2019-09-18,30.020000457763672
2019-09-19,30.239999771118164
2019-09-20,30.31999969482422
2019-09-23,30.450000762939453
2019-09-24,30.059999465942383
2019-09-25,30.100000381469727
2019-09-26,30.350000381469727
2019-09-27,30.420000076293945
2019-09-30,30.149999618530273
2019-10-01,29.979999542236328
2019-10-02,28.899999618530273
2019-10-03,29.1200008392334
2019-10-04,28.850000381469727
2019-10-07,28.399999618530273
2019-10-08,28.219999313354492
2019-10-09,28.93000030517578
2019-10-10,29.06999969482422
2019-10-11,29.5
2019-10-14,29.670000076293945
2019-10-15,30.06999969482422
2019-10-16,30.489999771118164
2019-10-17,30.200000762939453
2019-10-18,29.950000762939453
2019-10-21,30.350000381469727
2019-10-22,31.280000686645508
2019-10-23,31.43000030517578
2019-10-24,30.809999465942383
2019-10-25,31.709999084472656
2019-10-28,31.950000762939453
2019-10-29,32.2400016784668
2019-10-30,32.630001068115234
2019-10-31,32.70000076293945
2019-11-01,32.7400016784668
2019-11-04,32.970001220703125
2019-11-05,32.54999923706055
2019-11-06,32.40999984741211
2019-11-07,33.45000076293945
2019-11-08,32.90999984741211
2019-11-11,33.13999938964844
2019-11-12,32.52000045776367
2019-11-13,32.400001525878906
2019-11-14,31.709999084472656
2019-11-18,31.700000762939453
2019-11-19,31.25
2019-11-21,32.08000183105469
2019-11-22,32.220001220703125
2019-11-25,32.02000045776367
2019-11-26,31.389999389648438
2019-11-27,31.450000762939453
2019-11-28,31.59000015258789
2019-11-29,31.200000762939453
2019-12-02,31.15999984741211
2019-12-03,31.06999969482422
2019-12-04,31.450000762939453
2019-12-05,31.860000610351562
2019-12-06,32.06999969482422
2019-12-09,32.22999954223633
2019-12-10,32.43000030517578
2019-12-11,32.439998626708984
2019-12-12,32.869998931884766
2019-12-13,31.329999923706055
2019-12-16,31.09000015258789
2019-12-17,31.520000457763672
2019-12-18,32.349998474121094
2019-12-19,32.29999923706055
2019-12-20,31.93000030517578
2019-12-23,32.400001525878906
2019-12-26,32.689998626708984
2019-12-27,32.16999816894531
2019-12-30,32.0
2020-01-02,32.79999923706055
2020-01-03,31.989999771118164
2020-01-06,33.029998779296875
2020-01-07,32.58000183105469
2020-01-08,32.04999923706055
2020-01-09,32.22999954223633
2020-01-10,32.099998474121094
2020-01-13,32.09000015258789
2020-01-14,31.829999923706055
2020-01-15,31.1200008392334
2020-01-16,31.219999313354492
2020-01-17,31.850000381469727
2020-01-20,31.979999542236328
2020-01-21,31.020000457763672
2020-01-22,31.020000457763672
2020-01-23,31.229999542236328
2020-01-24,31.110000610351562
2020-01-27,29.799999237060547
2020-01-28,30.5
2020-01-29,30.360000610351562
2020-01-30,30.989999771118164
2020-01-31,30.350000381469727
2020-02-03,30.010000228881836
2020-02-04,30.75
2020-02-05,30.479999542236328
2020-02-06,31.299999237060547
2020-02-07,31.459999084472656
2020-02-10,31.579999923706055
2020-02-11,32.0099983215332
2020-02-12,32.54999923706055
2020-02-13,31.93000030517578
2020-02-14,31.6200008392334
2020-02-17,31.700000762939453
2020-02-18,31.940000534057617
2020-02-19,32.56999969482422
2020-02-20,31.75
2020-02-21,30.850000381469727
2020-02-27,26.829999923706055
2020-02-28,27.149999618530273
2020-03-02,28.100000381469727
2020-03-03,27.5
2020-03-04,28.219999313354492
2020-03-05,26.809999465942383
2020-03-06,24.059999465942383
2020-03-09,16.920000076293945
2020-03-10,18.360000610351562
2020-03-11,16.3700008392334
2020-03-12,12.920000076293945
2020-03-13,15.859999656677246
2020-03-16,13.130000114440918
2020-03-17,13.079999923706055
2020-03-18,11.050000190734863
2020-03-19,12.449999809265137
2020-03-20,12.220000267028809
2020-03-23,11.619999885559082
2020-03-24,13.470000267028809
2020-03-25,14.550000190734863
2020-03-26,14.600000381469727
2020-03-27,13.029999732971191
2020-03-30,13.4399995803833
2020-03-31,14.140000343322754
2020-04-01,14.210000038146973
2020-04-02,15.430000305175781
2020-04-03,15.319999694824219
2020-04-06,16.149999618530273
2020-04-07,16.559999465942383
2020-04-08,17.5
2020-04-09,16.860000610351562
2020-04-13,17.299999237060547
2020-04-14,17.18000030517578
2020-04-15,16.6200008392334
2020-04-16,16.1299991607666
2020-04-17,16.700000762939453
2020-04-20,16.549999237060547
2020-04-22,17.149999618530273
2020-04-23,17.34000015258789
2020-04-24,16.06999969482422
2020-04-27,16.799999237060547
2020-04-28,18.020000457763672
2020-04-29,19.0
2020-04-30,18.649999618530273
2020-05-04,18.049999237060547
2020-05-05,18.670000076293945
2020-05-06,17.940000534057617
2020-05-07,18.299999237060547
2020-05-08,19.549999237060547
2020-05-11,19.030000686645508
2020-05-12,18.8700008392334
2020-05-13,18.1299991607666
2020-05-14,17.690000534057617
2020-05-15,17.700000762939453
2020-05-18,19.420000076293945
2020-05-19,19.299999237060547
2020-05-20,19.8799991607666
2020-05-21,19.950000762939453
2020-05-22,19.520000457763672
2020-05-25,20.34000015258789
2020-05-26,20.549999237060547
2020-05-27,20.649999618530273
2020-05-28,20.559999465942383
2020-05-29,20.84000015258789
2020-06-01,20.950000762939453
2020-06-02,21.860000610351562
2020-06-03,22.059999465942383
2020-06-04,22.15999984741211
2020-06-05,22.850000381469727
2020-06-08,23.350000381469727
2020-06-09,22.690000534057617
2020-06-10,22.020000457763672
2020-06-12,21.239999771118164
2020-06-15,21.31999969482422
2020-06-16,22.200000762939453
2020-06-17,22.25
2020-06-18,22.600000381469727
2020-06-19,22.280000686645508
2020-06-22,21.8700008392334
2020-06-23,22.510000228881836
2020-06-24,21.90999984741211
2020-06-25,22.3700008392334
2020-06-26,21.8799991607666
2020-06-29,22.559999465942383
2020-06-30,22.34000015258789
2020-07-01,22.360000610351562
2020-07-02,22.639999389648438
2020-07-03,22.5
2020-07-06,23.149999618530273
2020-07-07,22.760000228881836
2020-07-08,23.31999969482422
2020-07-09,22.649999618530273
2020-07-10,23.0
2020-07-13,22.850000381469727
2020-07-14,23.639999389648438
2020-07-15,24.200000762939453
2020-07-16,23.6299991607666
2020-07-17,23.649999618530273
2020-07-20,23.5
2020-07-21,23.989999771118164
2020-07-22,23.739999771118164
2020-07-23,23.229999542236328
2020-07-24,23.329999923706055
2020-07-27,23.770000457763672
2020-07-28,23.389999389648438
2020-07-29,23.829999923706055
2020-07-30,23.31999969482422
2020-07-31,22.700000762939453
2020-08-03,22.34000015258789
2020-08-04,22.309999465942383
2020-08-05,23.75
2020-08-06,23.829999923706055
2020-08-07,23.309999465942383
2020-08-10,24.100000381469727
2020-08-11,23.690000534057617
2020-08-12,24.049999237060547
2020-08-13,23.34000015258789
2020-08-14,23.25
2020-08-17,23.260000228881836
2020-08-18,23.610000610351562
2020-08-19,23.510000228881836
2020-08-20,23.260000228881836
2020-08-21,23.079999923706055
2020-08-24,23.540000915527344
2020-08-25,23.43000030517578
2020-08-26,22.760000228881836
2020-08-27,22.649999618530273
2020-08-28,23.110000610351562
2020-08-31,22.31999969482422
2020-09-01,23.360000610351562
2020-09-02,23.299999237060547
2020-09-03,23.299999237060547
2020-09-04,23.329999923706055
2020-09-08,22.520000457763672
2020-09-09,23.020000457763672
2020-09-10,22.149999618530273
2020-09-11,22.040000915527344
2020-09-14,21.81999969482422
2020-09-15,21.8700008392334
2020-09-16,21.950000762939453
2020-09-17,22.440000534057617
2020-09-18,21.940000534057617
2020-09-21,21.280000686645508
2020-09-22,21.270000457763672
2020-09-23,20.75
2020-09-24,20.899999618530273
2020-09-25,20.68000030517578
2020-09-28,20.18000030517578
2020-09-29,19.610000610351562
2020-09-30,19.770000457763672
2020-10-01,19.950000762939453
2020-10-02,19.18000030517578
2020-10-05,20.1200008392334
2020-10-06,19.989999771118164
2020-10-07,19.90999984741211
2020-10-08,20.59000015258789
2020-10-09,19.90999984741211
2020-10-13,20.1299991607666
2020-10-14,20.010000228881836
2020-10-15,19.790000915527344
2020-10-16,19.299999237060547
2020-10-19,19.510000228881836
2020-10-20,20.18000030517578
2020-10-21,20.170000076293945
2020-10-22,20.809999465942383
2020-10-23,20.489999771118164
2020-10-26,20.200000762939453
2020-10-27,19.860000610351562
2020-10-28,18.639999389648438
2020-10-29,19.329999923706055
2020-10-30,19.0
2020-11-03,19.75
2020-11-04,19.84000015258789
2020-11-05,19.940000534057617
2020-11-06,19.8700008392334
2020-11-09,21.899999618530273
2020-11-10,23.639999389648438
2020-11-11,23.6200008392334
2020-11-12,22.649999618530273
2020-11-13,23.18000030517578
2020-11-16,23.93000030517578
2020-11-17,24.200000762939453
2020-11-18,24.229999542236328
2020-11-19,24.450000762939453
2020-11-23,25.479999542236328
2020-11-24,26.84000015258789
2020-11-25,26.65999984741211
2020-11-26,26.25
2020-11-27,25.899999618530273
2020-11-30,25.549999237060547
2020-12-01,26.299999237060547
2020-12-02,26.65999984741211
2020-12-03,27.200000762939453
2020-12-04,28.100000381469727
2020-12-07,27.469999313354492
2020-12-08,27.229999542236328
2020-12-09,27.260000228881836
2020-12-10,28.25
2020-12-11,28.010000228881836
2020-12-14,27.889999389648438
2020-12-15,28.25
2020-12-16,28.559999465942383
2020-12-17,28.920000076293945
2020-12-18,28.6200008392334
2020-12-21,27.559999465942383
2020-12-22,27.84000015258789
2020-12-23,28.440000534057617
2020-12-28,28.649999618530273
2020-12-29,28.670000076293945
2020-12-30,28.850000381469727
2021-01-04,29.5
2021-01-05,30.399999618530273
2021-01-06,30.75
2021-01-07,31.649999618530273
2021-01-08,31.59000015258789
2021-01-11,31.290000915527344
2021-01-13,29.739999771118164
2021-01-14,29.860000610351562
2021-01-15,28.809999465942383
2021-01-18,28.760000228881836
2021-01-19,29.1200008392334
2021-01-20,28.6299991607666
2021-01-21,28.09000015258789
2021-01-22,27.729999542236328
2021-01-26,27.600000381469727
2021-01-27,27.979999542236328
2021-01-28,28.600000381469727
2021-01-29,27.329999923706055
2021-02-01,28.110000610351562
2021-02-02,29.079999923706055
2021-02-03,29.299999237060547
2021-02-04,29.270000457763672
2021-02-05,29.68000030517578
2021-02-08,28.450000762939453
2021-02-09,27.709999084472656
2021-02-10,28.049999237060547
2021-02-11,28.309999465942383
2021-02-18,29.43000030517578
2021-02-19,27.100000381469727
2021-02-22,21.549999237060547
2021-02-23,23.479999542236328
2021-02-24,23.780000686645508
2021-02-25,22.940000534057617
2021-02-26,22.149999618530273
2021-03-01,22.010000228881836
2021-03-02,21.90999984741211
2021-03-03,20.969999313354492
2021-03-04,21.8700008392334
2021-03-05,22.059999465942383
2021-03-08,21.0
2021-03-09,21.389999389648438
2021-03-10,22.290000915527344
2021-03-11,22.950000762939453
2021-03-15,23.260000228881836
2021-03-16,22.90999984741211
2021-03-17,23.639999389648438
2021-03-18,22.969999313354492
2021-03-19,23.520000457763672
2021-03-22,23.079999923706055
2021-03-23,22.549999237060547
2021-03-24,22.530000686645508
2021-03-25,22.959999084472656
2021-03-26,23.299999237060547
2021-03-29,23.649999618530273
2021-03-30,23.579999923706055
2021-03-31,23.940000534057617
2021-04-01,23.6200008392334
2021-04-05,23.8700008392334
2021-04-06,23.690000534057617
2021-04-07,23.799999237060547
2021-04-08,23.399999618530273
2021-04-09,23.5
2021-04-13,23.739999771118164
2021-04-14,24.1200008392334
2021-04-15,22.920000076293945
2021-04-16,22.649999618530273
2021-04-19,23.790000915527344
2021-04-20,23.200000762939453
2021-04-22,23.209999084472656
2021-04-23,23.270000457763672
2021-04-26,23.299999237060547
2021-04-27,22.739999771118164
2021-04-28,23.549999237060547
2021-04-29,23.079999923706055
2021-04-30,23.100000381469727
2021-05-03,23.010000228881836
2021-05-04,22.479999542236328
2021-05-05,23.399999618530273
2021-05-06,23.06999969482422
2021-05-07,23.93000030517578
2021-05-10,24.229999542236328
2021-05-11,24.549999237060547
2021-05-13,24.5
2021-05-14,25.639999389648438
2021-05-17,25.940000534057617
2021-05-18,25.600000381469727
2021-05-19,25.520000457763672
2021-05-20,25.170000076293945
2021-05-21,25.420000076293945
2021-05-24,25.68000030517578
2021-05-25,25.219999313354492
2021-05-26,25.450000762939453
2021-05-27,25.25
2021-05-28,26.709999084472656
2021-05-31,26.649999618530273
2021-06-01,27.229999542236328
2021-06-02,28.579999923706055
2021-06-04,28.93000030517578
2021-06-07,28.719999313354492
2021-06-08,29.40999984741211
2021-06-09,29.510000228881836
2021-06-10,29.56999969482422
2021-06-11,29.299999237060547
2021-06-14,29.260000228881836
2021-06-15,29.469999313354492
2021-06-16,29.56999969482422
2021-06-17,28.65999984741211
2021-06-18,28.739999771118164
2021-06-21,29.34000015258789
2021-06-22,29.3700008392334
2021-06-23,29.440000534057617
2021-06-24,29.889999389648438
2021-06-25,29.40999984741211
2021-06-28,29.280000686645508
2021-06-29,29.68000030517578
2021-06-30,30.290000915527344
2021-07-01,29.760000228881836
2021-07-02,30.030000686645508
2021-07-05,29.690000534057617
2021-07-06,28.579999923706055
2021-07-07,28.729999542236328
2021-07-08,28.15999984741211
2021-07-13,28.559999465942383
2021-07-14,28.3700008392334
2021-07-15,27.700000762939453
2021-07-16,27.170000076293945
2021-07-19,26.850000381469727
2021-07-20,27.290000915527344
2021-07-21,27.729999542236328
2021-07-22,27.770000457763672
2021-07-23,27.399999618530273
2021-07-26,27.950000762939453
2021-07-27,27.829999923706055
2021-07-28,28.34000015258789
2021-07-29,28.229999542236328
2021-07-30,27.5
2021-08-02,27.239999771118164
2021-08-03,27.700000762939453
2021-08-04,26.700000762939453
2021-08-05,29.270000457763672
2021-08-06,29.110000610351562
2021-08-09,28.84000015258789
2021-08-10,28.850000381469727
2021-08-11,29.299999237060547
2021-08-13,29.920000076293945
2021-08-16,29.350000381469727
2021-08-17,27.75
2021-08-18,27.420000076293945
2021-08-19,27.15999984741211
2021-08-20,27.149999618530273
2021-08-23,28.059999465942383
2021-08-24,28.3799991607666
2021-08-25,28.450000762939453
2021-08-26,28.219999313354492
2021-08-27,29.079999923706055
2021-08-30,28.719999313354492
2021-08-31,27.920000076293945
2021-09-01,27.770000457763672
2021-09-02,27.290000915527344
2021-09-03,27.299999237060547
2021-09-06,27.3700008392334
2021-09-08,25.850000381469727
2021-09-09,26.09000015258789
2021-09-10,26.06999969482422
2021-09-13,26.8799991607666
2021-09-14,26.68000030517578
2021-09-15,26.969999313354492
2021-09-16,26.719999313354492
2021-09-17,25.5
2021-09-20,25.229999542236328
2021-09-21,25.6299991607666
2021-09-22,26.459999084472656
2021-09-23,27.559999465942383
2021-09-24,27.559999465942383
2021-09-27,27.989999771118164
2021-09-28,27.75
2021-09-29,28.170000076293945
2021-09-30,28.149999618530273
2021-10-01,28.68000030517578
2021-10-04,29.3799991607666
2021-10-05,29.8700008392334
2021-10-06,29.139999389648438
2021-10-07,29.200000762939453
2021-10-08,29.790000915527344
2021-10-11,29.770000457763672
2021-10-13,30.299999237060547
2021-10-14,30.25
2021-10-15,30.15999984741211
2021-10-18,30.200000762939453
2021-10-19,28.8799991607666
2021-10-20,29.5
2021-10-21,28.459999084472656
2021-10-22,27.899999618530273
2021-10-25,29.610000610351562
2021-10-26,29.270000457763672
2021-10-27,29.309999465942383
2021-10-28,29.59000015258789
2021-10-29,27.670000076293945
2021-11-01,28.700000762939453
2021-11-03,27.479999542236328
2021-11-04,26.670000076293945
2021-11-05,26.690000534057617
2021-11-08,27.1299991607666
2021-11-09,27.549999237060547
2021-11-10,27.31999969482422
2021-11-11,27.31999969482422
2021-11-16,28.239999771118164
