Date,PETR4.SA
2011-12-27,15.04269027709961
2011-12-28,14.520938873291016
2011-12-29,14.56159496307373
2012-01-02,14.724220275878906
2012-01-03,15.309904098510742
2012-01-04,15.41921329498291
2012-01-05,15.241583824157715
2012-01-06,15.2552490234375
2012-01-09,15.460201263427734
2012-01-10,15.644660949707031
2012-01-11,15.651491165161133
2012-01-12,15.767631530761719
2012-01-13,15.747130393981934
2012-01-16,16.15703582763672
2012-01-17,16.15703582763672
2012-01-18,16.648923873901367
2012-01-19,16.539615631103516
2012-01-20,16.546443939208984
2012-01-23,17.168132781982422
2012-01-24,17.35258674621582
2012-01-26,17.02467155456543
2012-01-27,16.853878021240234
2012-01-30,16.785558700561523
2012-01-31,16.785558700561523
2012-02-01,17.045166015625
2012-02-02,16.75823211669922
2012-02-03,16.812885284423828
2012-02-06,16.98367691040039
2012-02-07,17.48922348022461
2012-02-08,17.373088836669922
2012-02-09,17.420909881591797
2012-02-10,16.054563522338867
2012-02-13,16.054563522338867
2012-02-14,15.856439590454102
2012-02-15,15.781294822692871
2012-02-16,16.314167022705078
2012-02-17,16.4303035736084
2012-02-23,16.341493606567383
2012-02-24,16.72407341003418
2012-02-27,16.63526153564453
2012-02-28,16.621597290039062
2012-02-29,16.60793113708496
2012-03-01,16.99734115600586
2012-03-02,17.284271240234375
2012-03-05,16.799219131469727
2012-03-06,16.225351333618164
2012-03-07,16.38248634338379
2012-03-08,16.4576358795166
2012-03-09,16.198028564453125
2012-03-12,16.00674057006836
2012-03-13,16.689912796020508
2012-03-14,16.963184356689453
2012-03-15,16.546443939208984
2012-03-16,16.63526153564453
2012-03-19,16.63526153564453
2012-03-20,16.66574478149414
2012-03-21,16.555877685546875
2012-03-22,16.555877685546875
2012-03-23,16.274337768554688
2012-03-26,16.624544143676758
2012-03-27,16.343008041381836
2012-03-28,16.06146812438965
2012-03-29,16.013399124145508
2012-03-30,16.03400230407715
2012-04-02,15.951601028442383
2012-04-03,15.484659194946289
2012-04-04,14.942179679870605
2012-04-05,15.106983184814453
2012-04-09,14.825443267822266
2012-04-10,14.550768852233887
2012-04-11,14.660640716552734
2012-04-12,15.113847732543945
2012-04-13,14.880379676818848
2012-04-16,14.770506858825684
2012-04-17,14.818573951721191
2012-04-18,14.942179679870605
2012-04-19,14.729308128356934
2012-04-20,14.736173629760742
2012-04-23,14.61257266998291
2012-04-24,14.585105895996094
2012-04-25,14.509570121765137
2012-04-26,14.585105895996094
2012-04-27,14.372231483459473
2012-04-30,14.619439125061035
2012-05-02,14.619439125061035
2012-05-03,14.694971084594727
2012-05-04,14.063227653503418
2012-05-07,14.131896018981934
2012-05-08,13.912156105041504
2012-05-09,13.843488693237305
2012-05-10,13.678682327270508
2012-05-11,13.410880088806152
2012-05-14,13.112553596496582
2012-05-15,12.82810115814209
2012-05-16,13.38313102722168
2012-05-17,12.786473274230957
2012-05-18,13.230494499206543
2012-05-21,13.230494499206543
2012-05-22,13.674519538879395
2012-05-23,13.34150218963623
2012-05-24,12.973794937133789
2012-05-25,12.932168006896973
2012-05-28,13.036236763000488
2012-05-29,13.077861785888672
2012-05-30,12.73097038269043
2012-05-31,13.272124290466309
2012-06-01,13.04317569732666
2012-06-04,13.258246421813965
2012-06-05,13.04317569732666
2012-06-06,13.24437141418457
2012-06-08,13.098677635192871
2012-06-11,12.758722305297852
2012-06-12,12.904417037963867
2012-06-13,13.112553596496582
2012-06-14,12.606086730957031
2012-06-15,12.869728088378906
2012-06-18,12.869728088378906
2012-06-19,13.632890701293945
2012-06-20,13.806339263916016
2012-06-21,13.369253158569336
2012-06-22,13.563512802124023
2012-06-25,12.349386215209961
2012-06-26,12.488144874572754
2012-06-27,12.238378524780273
2012-06-28,12.280011177062988
2012-06-29,12.661591529846191
2012-07-02,12.737909317016602
2012-07-03,13.174992561340332
2012-07-04,13.14724349975586
2012-07-05,13.5982027053833
2012-07-06,13.320688247680664
2012-07-10,12.758722305297852
2012-07-11,12.862791061401367
2012-07-12,12.890539169311523
2012-07-13,13.563512802124023
2012-07-16,13.563512802124023
2012-07-17,13.355377197265625
2012-07-18,13.410880088806152
2012-07-19,13.612080574035645
2012-07-20,13.306812286376953
2012-07-23,13.154180526733398
2012-07-24,13.036236763000488
2012-07-25,13.18193244934082
2012-07-26,13.36231517791748
2012-07-27,13.993658065795898
2012-07-30,14.090789794921875
2012-07-31,13.528823852539062
2012-08-01,13.750835418701172
2012-08-02,13.5982027053833
2012-08-03,13.834090232849121
2012-08-06,13.820211410522461
2012-08-07,14.049163818359375
2012-08-08,14.694381713867188
2012-08-09,14.569500923156738
2012-08-10,14.569500923156738
2012-08-13,14.590317726135254
2012-08-14,14.458498001098633
2012-08-15,14.604190826416016
2012-08-16,14.888643264770508
2012-08-17,14.951083183288574
2012-08-20,14.951083183288574
2012-08-21,14.73601245880127
2012-08-22,14.909460067749023
2012-08-23,14.715192794799805
2012-08-24,14.729073524475098
2012-08-27,14.826203346252441
2012-08-28,14.860891342163086
2012-08-29,14.715192794799805
2012-08-30,14.597256660461426
2012-08-31,14.402997016906738
2012-09-03,14.31973934173584
2012-09-04,14.174046516418457
2012-09-05,14.285049438476562
2012-09-06,14.569500923156738
2012-09-10,14.729073524475098
2012-09-11,15.062088966369629
2012-09-12,15.256348609924316
2012-09-13,15.8876953125
2012-09-14,16.165212631225586
2012-09-17,16.144393920898438
2012-09-18,16.0958309173584
2012-09-19,15.728123664855957
2012-09-20,15.96401309967041
2012-09-21,15.748939514160156
2012-09-24,15.929323196411133
2012-09-25,15.728123664855957
2012-09-26,15.797501564025879
2012-09-27,15.755874633789062
2012-09-28,15.519986152648926
2012-10-01,15.617118835449219
2012-10-02,15.748939514160156
2012-10-03,15.499174118041992
2012-10-04,15.540802955627441
2012-10-05,15.43673324584961
2012-10-08,15.519986152648926
2012-10-09,15.415923118591309
2012-10-10,15.346541404724121
2012-10-11,15.610177993774414
2012-10-15,15.818319320678711
2012-10-16,15.818319320678711
2012-10-17,15.714247703552246
2012-10-18,15.610177993774414
2012-10-19,15.43673324584961
2012-10-22,15.43673324584961
2012-10-23,15.034340858459473
2012-10-24,14.944148063659668
2012-10-25,15.089839935302734
2012-10-26,15.43673324584961
2012-10-29,14.812328338623047
2012-10-30,14.937211036682129
2012-10-31,14.430743217468262
2012-11-01,14.465435028076172
2012-11-05,14.73601245880127
2012-11-06,15.041278839111328
2012-11-07,14.694381713867188
2012-11-08,14.298925399780273
2012-11-09,14.416869163513184
2012-11-12,14.180980682373047
2012-11-13,14.20179557800293
2012-11-14,13.736959457397461
2012-11-16,13.202746391296387
2012-11-19,13.272124290466309
2012-11-21,12.918292999267578
2012-11-22,12.939105987548828
2012-11-23,13.299872398376465
2012-11-26,13.057048797607422
2012-11-27,12.841976165771484
2012-11-28,12.939105987548828
2012-11-29,13.285999298095703
2012-11-30,12.946043968200684
2012-12-03,13.18193244934082
2012-12-04,13.057048797607422
2012-12-05,13.140304565429688
2012-12-06,12.973794937133789
2012-12-07,13.237432479858398
2012-12-10,13.577387809753418
2012-12-11,13.86877727508545
2012-12-12,13.771649360656738
2012-12-13,13.577387809753418
2012-12-14,14.021411895751953
2012-12-17,13.820211410522461
2012-12-18,13.993658065795898
2012-12-19,14.52093505859375
2012-12-20,14.604190826416016
2012-12-21,14.354432106018066
2012-12-26,13.917344093322754
2012-12-27,13.46638298034668
2012-12-28,13.542698860168457
2013-01-02,13.66064167022705
2013-01-03,14.153231620788574
2013-01-04,14.174046516418457
2013-01-07,13.931221008300781
2013-01-08,13.528823852539062
2013-01-09,13.653703689575195
2013-01-10,13.757771492004395
2013-01-11,13.792462348937988
2013-01-14,13.681456565856934
2013-01-15,13.750835418701172
2013-01-16,13.764711380004883
2013-01-17,13.674519538879395
2013-01-18,13.58432674407959
2013-01-21,13.452507019042969
2013-01-22,13.58432674407959
2013-01-23,13.563512802124023
2013-01-24,13.605140686035156
2013-01-28,13.438632011413574
2013-01-29,13.258246421813965
2013-01-30,12.626904487609863
2013-01-31,12.543647766113281
2013-02-01,12.807287216186523
2013-02-04,12.488144874572754
2013-02-05,12.543647766113281
2013-02-06,12.21063232421875
2013-02-07,12.141251564025879
2013-02-08,12.307761192321777
2013-02-13,12.349386215209961
2013-02-14,12.259196281433105
2013-02-15,12.231444358825684
2013-02-18,12.418767929077148
2013-02-19,12.557520866394043
2013-02-20,12.224506378173828
2013-02-21,12.016369819641113
2013-02-22,11.89842700958252
2013-02-25,11.759671211242676
2013-02-26,11.613974571228027
2013-02-27,11.662541389465332
2013-02-28,11.523784637451172
2013-03-01,11.724982261657715
2013-03-04,11.447464942932129
2013-03-05,11.489092826843262
2013-03-06,12.522833824157715
2013-03-07,13.14724349975586
2013-03-08,12.74484634399414
2013-03-11,13.133366584777832
2013-03-12,13.001543998718262
2013-03-13,13.00848388671875
2013-03-14,13.38313102722168
2013-03-15,13.24437141418457
2013-03-18,13.320688247680664
2013-03-19,13.251312255859375
2013-03-20,13.077861785888672
2013-03-21,12.855853080749512
2013-03-22,12.92523193359375
2013-03-25,12.897478103637695
2013-03-26,12.897478103637695
2013-03-27,12.779535293579102
2013-03-28,12.779535293579102
2013-04-01,12.508960723876953
2013-04-02,12.280011177062988
2013-04-03,12.488144874572754
2013-04-04,12.286947250366211
2013-04-05,12.349386215209961
2013-04-08,12.051061630249023
2013-04-09,12.59221363067627
2013-04-10,12.779535293579102
2013-04-11,12.481206893920898
2013-04-12,12.460393905639648
2013-04-15,11.953929901123047
2013-04-16,12.280011177062988
2013-04-17,11.912302017211914
2013-04-18,12.363264083862305
2013-04-19,12.758722305297852
2013-04-22,13.036236763000488
2013-04-23,13.26518440246582
2013-04-24,13.487197875976562
2013-04-25,13.299872398376465
2013-04-26,13.299872398376465
2013-04-29,14.167107582092285
2013-04-30,14.206828117370605
2013-05-02,14.31997299194336
2013-05-03,14.121966361999512
2013-05-06,14.376545906066895
2013-05-07,14.581623077392578
2013-05-08,14.348260879516602
2013-05-09,14.355329513549805
2013-05-10,14.114893913269043
2013-05-13,13.78253173828125
2013-05-14,13.824958801269531
2013-05-15,13.839103698730469
2013-05-16,13.966394424438477
2013-05-17,14.065393447875977
2013-05-20,14.284616470336914
2013-05-21,14.31997299194336
2013-05-22,14.086609840393066
2013-05-23,14.044179916381836
2013-05-24,14.206828117370605
2013-05-27,14.093683242797852
2013-05-28,14.171466827392578
2013-05-29,14.037109375
2013-05-31,14.1856107711792
2013-06-03,14.348260879516602
2013-06-04,14.192682266235352
2013-06-05,13.7330322265625
2013-06-06,13.76131534576416
2013-06-07,13.322877883911133
2013-06-10,13.351165771484375
2013-06-11,13.103660583496094
2013-06-12,12.813722610473633
2013-06-13,13.294590950012207
2013-06-14,12.976372718811035
2013-06-17,12.792510986328125
2013-06-18,12.608648300170898
2013-06-19,12.16313648223877
2013-06-20,11.943916320800781
2013-06-21,11.60448169708252
2013-06-24,11.250901222229004
2013-06-25,11.385261535644531
2013-06-26,11.42061996459961
2013-06-27,11.583266258239746
2013-06-28,11.434764862060547
2013-07-01,11.399405479431152
2013-07-02,10.8831787109375
2013-07-03,11.243830680847168
2013-07-04,11.286258697509766
2013-07-05,10.713460922241211
2013-07-08,10.607388496398926
2013-07-10,10.784177780151367
2013-07-11,11.144828796386719
2013-07-12,10.911466598510742
2013-07-15,10.960967063903809
2013-07-16,11.1377592086792
2013-07-17,11.356974601745605
2013-07-18,11.385261535644531
2013-07-19,11.300403594970703
2013-07-22,11.526694297790527
2013-07-23,11.60448169708252
2013-07-24,11.590338706970215
2013-07-25,11.908561706542969
2013-07-26,11.908561706542969
2013-07-29,11.795414924621582
2013-07-30,11.639840126037598
2013-07-31,11.519624710083008
2013-08-01,11.979276657104492
2013-08-02,11.887346267700195
2013-08-05,11.774200439453125
2013-08-06,11.512552261352539
2013-08-07,11.491337776184082
2013-08-08,11.774200439453125
2013-08-09,12.078278541564941
2013-08-12,11.738844871520996
2013-08-13,11.57619571685791
2013-08-14,11.986348152160645
2013-08-15,12.608648300170898
2013-08-16,12.57329273223877
2013-08-19,12.608648300170898
2013-08-20,12.113636016845703
2013-08-21,12.262141227722168
2013-08-22,12.912726402282715
2013-08-23,13.117804527282715
2013-08-26,12.863224983215332
2013-08-27,12.339926719665527
2013-08-28,12.134851455688477
2013-08-29,11.950990676879883
2013-08-30,12.01463508605957
2013-09-02,11.950990676879883
2013-09-03,11.866130828857422
2013-09-04,11.915632247924805
2013-09-05,12.403573036193848
2013-09-06,12.559146881103516
2013-09-09,12.849082946777344
2013-09-10,12.969298362731934
2013-09-11,12.905654907226562
2013-09-12,12.622791290283203
2013-09-13,12.820795059204102
2013-09-16,13.047086715698242
2013-09-17,13.103660583496094
2013-09-18,13.365307807922363
2013-09-19,13.549172401428223
2013-09-20,13.393595695495605
2013-09-23,13.542097091674805
2013-09-24,13.273380279541016
2013-09-25,13.294590950012207
2013-09-26,13.14609146118164
2013-09-27,13.068302154541016
2013-09-30,12.983442306518555
2013-10-01,13.19559097290039
2013-10-02,13.280449867248535
2013-10-03,13.110733032226562
2013-10-04,13.202661514282227
2013-10-07,13.167303085327148
2013-10-08,12.948084831237793
2013-10-09,12.778366088867188
2013-10-10,12.83493709564209
2013-10-11,12.799578666687012
2013-10-14,12.919798851013184
2013-10-15,13.025872230529785
2013-10-16,12.976372718811035
2013-10-17,12.877366065979004
2013-10-18,12.68643569946289
2013-10-21,13.351165771484375
2013-10-22,13.117804527282715
2013-10-23,12.962226867675781
2013-10-24,12.89858341217041
2013-10-25,13.075374603271484
2013-10-28,14.065393447875977
2013-10-29,13.931036949157715
2013-10-30,14.107827186584473
2013-10-31,14.348260879516602
2013-11-01,14.044179916381836
2013-11-04,14.29875659942627
2013-11-05,14.31997299194336
2013-11-06,14.433117866516113
2013-11-07,14.143182754516602
2013-11-08,13.888604164123535
2013-11-11,14.206828117370605
2013-11-12,13.824958801269531
2013-11-13,14.100752830505371
2013-11-14,14.461405754089355
2013-11-18,15.16149616241455
2013-11-19,14.928130149841309
2013-11-21,14.779626846313477
2013-11-22,14.61698055267334
2013-11-25,14.3977632522583
2013-11-26,13.492596626281738
2013-11-27,13.41480827331543
2013-11-28,13.19559097290039
2013-11-29,13.52088451385498
2013-12-02,12.276284217834473
2013-12-03,12.382355690002441
2013-12-04,12.346999168395996
2013-12-05,12.46721363067627
2013-12-06,12.18435001373291
2013-12-09,12.339926719665527
2013-12-10,12.233853340148926
2013-12-11,11.866130828857422
2013-12-12,11.922704696655273
2013-12-13,12.177281379699707
2013-12-16,12.262141227722168
2013-12-17,11.88027286529541
2013-12-18,11.908561706542969
2013-12-19,12.198494911193848
2013-12-20,11.958062171936035
2013-12-23,12.064135551452637
2013-12-26,11.965132713317871
2013-12-27,11.972206115722656
2013-12-30,12.078278541564941
2014-01-02,11.844916343688965
2014-01-03,11.66812801361084
2014-01-06,11.752986907958984
2014-01-07,11.427693367004395
2014-01-08,11.448907852172852
2014-01-09,11.102399826049805
2014-01-10,11.293331146240234
2014-01-13,11.151899337768555
2014-01-14,11.102399826049805
2014-01-15,11.34283447265625
2014-01-16,11.02461051940918
2014-01-17,10.968038558959961
2014-01-20,10.734676361083984
2014-01-21,10.847821235656738
2014-01-22,11.20140266418457
2014-01-23,10.939752578735352
2014-01-24,10.67810344696045
2014-01-27,10.685173988342285
2014-01-28,10.642745018005371
2014-01-29,10.46595573425293
2014-01-30,10.39523983001709
2014-01-31,10.39523983001709
2014-02-03,9.794156074523926
2014-02-04,9.963871955871582
2014-02-05,9.780012130737305
2014-02-06,10.048730850219727
2014-02-07,10.218448638916016
2014-02-10,10.331595420837402
2014-02-11,10.579100608825684
2014-02-12,10.579100608825684
2014-02-13,10.331595420837402
2014-02-14,10.310379981994629
2014-02-17,10.204304695129395
2014-02-18,9.978017807006836
2014-02-19,10.041659355163574
2014-02-20,10.013373374938965
2014-02-21,10.006302833557129
2014-02-24,10.25380802154541
2014-02-25,10.027517318725586
2014-02-26,9.688079833984375
2014-02-27,9.928515434265137
2014-02-28,9.610294342041016
2014-03-05,9.398146629333496
2014-03-06,9.497147560119629
2014-03-07,9.419358253479004
2014-03-10,9.200140953063965
2014-03-11,9.270855903625488
2014-03-12,9.419358253479004
2014-03-13,9.214282989501953
2014-03-14,9.037494659423828
2014-03-17,8.88899040222168
2014-03-18,9.171855926513672
2014-03-19,9.433504104614258
2014-03-20,9.893157958984375
2014-03-21,9.914373397827148
2014-03-24,10.197236061096191
2014-03-25,10.239665031433105
2014-03-26,10.183094024658203
2014-03-27,11.010467529296875
2014-03-28,11.074112892150879
2014-03-31,11.158971786499023
2014-04-01,11.180187225341797
2014-04-02,11.003396987915039
2014-04-03,11.612048149108887
2014-04-04,11.642210960388184
2014-04-07,12.4113187789917
2014-04-08,12.056925773620605
2014-04-09,11.951360702514648
2014-04-10,11.823177337646484
2014-04-11,12.207732200622559
2014-04-14,12.011683464050293
2014-04-15,11.551726341247559
2014-04-16,11.898579597473145
2014-04-17,12.350996971130371
2014-04-22,12.03430461883545
2014-04-23,12.094629287719727
2014-04-24,12.162490844726562
2014-04-25,12.08708667755127
2014-04-28,12.486722946166992
2014-04-29,12.584746360778809
2014-04-30,12.486722946166992
2014-05-02,13.346315383911133
2014-05-05,13.248291969299316
2014-05-06,13.75349235534668
2014-05-07,14.009862899780273
2014-05-08,13.482041358947754
2014-05-09,13.323695182800293
2014-05-12,13.595144271850586
2014-05-13,13.542363166809082
2014-05-14,13.791193008422852
2014-05-15,13.595144271850586
2014-05-16,13.580065727233887
2014-05-19,13.52728271484375
2014-05-20,13.044705390930176
2014-05-21,13.165348052978516
2014-05-22,13.331235885620117
2014-05-23,13.346315383911133
2014-05-26,13.466962814331055
2014-05-27,13.187968254089355
2014-05-28,13.346315383911133
2014-05-29,13.044705390930176
2014-05-30,12.584746360778809
2014-06-02,12.479183197021484
2014-06-03,12.743093490600586
2014-06-04,12.516886711120605
2014-06-05,12.305755615234375
2014-06-06,13.331235885620117
2014-06-09,13.625306129455566
2014-06-10,14.077723503112793
2014-06-11,14.23607063293457
2014-06-13,14.319012641906738
2014-06-16,14.130505561828613
2014-06-17,13.813814163208008
2014-06-18,14.326556205749512
2014-06-20,14.100347518920898
2014-06-23,13.79873275756836
2014-06-24,13.301074981689453
2014-06-25,13.037162780761719
2014-06-26,13.059786796569824
2014-06-27,12.969300270080566
2014-06-30,13.037162780761719
2014-07-01,12.961761474609375
2014-07-02,12.908979415893555
2014-07-03,13.210591316223145
2014-07-04,13.195511817932129
2014-07-07,13.059786796569824
2014-07-08,13.067327499389648
2014-07-10,13.655468940734863
2014-07-11,13.75349235534668
2014-07-14,14.401957511901855
2014-07-15,14.522602081298828
2014-07-16,14.56029987335205
2014-07-17,14.748810768127441
2014-07-18,15.472678184509277
2014-07-21,15.789372444152832
2014-07-22,15.872314453125
2014-07-23,15.26909065246582
2014-07-24,15.3143310546875
2014-07-25,15.450061798095703
2014-07-28,15.193685531616211
2014-07-29,14.794052124023438
2014-07-30,14.967479705810547
2014-07-31,14.401957511901855
2014-08-01,14.326556205749512
2014-08-04,14.741267204284668
2014-08-05,14.854373931884766
2014-08-06,15.3143310546875
2014-08-07,15.193685531616211
2014-08-08,14.56029987335205
2014-08-11,15.18614673614502
2014-08-12,14.831754684448242
2014-08-13,14.092806816101074
2014-08-14,14.024944305419922
2014-08-15,15.125823020935059
2014-08-18,15.382195472717285
2014-08-19,15.766748428344727
2014-08-20,16.106063842773438
2014-08-21,16.060823440551758
2014-08-22,15.774291038513184
2014-08-25,16.618799209594727
2014-08-26,16.467994689941406
2014-08-27,17.22202491760254
2014-08-28,17.22202491760254
2014-08-29,17.614118576049805
2014-09-01,17.968517303466797
2014-09-02,18.518953323364258
2014-09-03,18.058998107910156
2014-09-04,17.184326171875
2014-09-05,17.206945419311523
2014-09-08,16.36243438720703
2014-09-09,16.196544647216797
2014-09-10,15.796913146972656
2014-09-11,15.992956161499023
2014-09-12,15.18614673614502
2014-09-15,15.517918586730957
2014-09-16,16.249330520629883
2014-09-17,16.679126739501953
2014-09-18,16.05328369140625
2014-09-19,15.766748428344727
2014-09-22,15.525461196899414
2014-09-23,15.178606986999512
2014-09-24,15.254009246826172
2014-09-25,14.95993709564209
2014-09-26,15.789372444152832
2014-09-29,14.024944305419922
2014-09-30,13.640386581420898
2014-10-01,12.886360168457031
2014-10-02,13.044705390930176
2014-10-03,13.83643627166748
2014-10-06,15.374653816223145
2014-10-07,15.992956161499023
2014-10-08,15.721506118774414
2014-10-09,15.985418319702148
2014-10-10,15.11828327178955
2014-10-13,16.68666648864746
2014-10-14,16.287031173706055
2014-10-15,15.193685531616211
2014-10-16,14.06264591217041
2014-10-17,14.394413948059082
2014-10-20,13.512203216552734
2014-10-21,12.743093490600586
2014-10-22,12.524423599243164
2014-10-23,11.694991111755371
2014-10-24,12.531966209411621
2014-10-27,10.948502540588379
2014-10-28,11.33305835723877
2014-10-29,10.571491241455078
2014-10-30,10.797697067260742
2014-10-31,11.521565437316895
2014-11-03,11.197333335876465
2014-11-04,11.174713134765625
2014-11-05,10.858020782470703
2014-11-06,10.601652145385742
2014-11-07,10.75999641418457
2014-11-10,10.541327476501465
2014-11-11,10.55640697479248
2014-11-12,10.639352798461914
2014-11-13,10.254798889160156
2014-11-14,9.95318603515625
2014-11-17,9.50076675415039
2014-11-18,9.387662887573242
2014-11-19,9.636493682861328
2014-11-21,10.78261661529541
2014-11-24,10.714753150939941
2014-11-25,10.669512748718262
2014-11-26,10.684593200683594
2014-11-27,10.134149551391602
2014-11-28,9.681735038757324
2014-12-01,9.28963851928711
2014-12-02,9.176532745361328
2014-12-03,9.583709716796875
2014-12-04,9.25193977355957
2014-12-05,9.184074401855469
2014-12-08,8.678877830505371
2014-12-09,8.61101245880127
2014-12-10,8.203836441040039
2014-12-11,8.01533031463623
2014-12-12,7.68355655670166
2014-12-15,6.831503391265869
2014-12-16,7.065252780914307
2014-12-17,7.140656471252441
2014-12-18,7.216058731079102
2014-12-19,7.412106990814209
2014-12-22,7.8192830085754395
2014-12-23,8.226455688476562
2014-12-26,7.781580924987793
2014-12-29,7.7514190673828125
2014-12-30,7.562911510467529
2015-01-02,7.057712554931641
2015-01-05,6.454489707946777
2015-01-06,6.243361473083496
2015-01-07,6.53743314743042
2015-01-08,6.959688663482666
2015-01-09,7.170816898345947
2015-01-12,6.665617942810059
2015-01-13,6.854124546051025
2015-01-14,6.718400001525879
2015-01-15,7.0200114250183105
2015-01-16,7.118035316467285
2015-01-19,6.91444730758667
2015-01-20,7.0200114250183105
2015-01-21,7.4648871421813965
2015-01-22,7.713719367980957
2015-01-23,7.525208950042725
2015-01-26,7.412106990814209
2015-01-27,7.645857334136963
2015-01-28,6.869204998016357
2015-01-29,6.53743314743042
2015-01-30,6.258443355560303
2015-02-02,6.6279168128967285
2015-02-03,7.517670631408691
2015-02-04,7.555370330810547
2015-02-05,7.412106990814209
2015-02-06,6.87674617767334
2015-02-09,7.0878729820251465
2015-02-10,6.718400001525879
2015-02-11,6.846583843231201
2015-02-12,7.125574111938477
2015-02-13,7.562911510467529
2015-02-18,7.5704522132873535
2015-02-19,7.321623802185059
2015-02-20,7.268841743469238
2015-02-23,7.163278102874756
2015-02-24,7.4648871421813965
2015-02-25,7.0878729820251465
2015-02-26,6.959688663482666
2015-02-27,7.200978755950928
2015-03-02,7.102954864501953
2015-03-03,7.216058731079102
2015-03-04,6.9898505210876465
2015-03-05,6.96722936630249
2015-03-06,6.97476863861084
2015-03-09,6.725940704345703
2015-03-10,6.424328327178955
2015-03-11,6.590214252471924
2015-03-12,6.386626720428467
2015-03-13,6.28860330581665
2015-03-16,6.3263044357299805
2015-03-17,6.680698394775391
2015-03-18,6.937067031860352
2015-03-19,6.725940704345703
2015-03-20,6.9521484375
2015-03-23,7.035092830657959
2015-03-24,7.102954864501953
2015-03-25,7.389486312866211
2015-03-26,7.035092830657959
2015-03-27,7.057712554931641
2015-03-30,7.321623802185059
2015-03-31,7.283921241760254
2015-04-01,7.736339092254639
2015-04-02,8.060571670532227
2015-04-06,8.075651168823242
2015-04-07,8.233997344970703
2015-04-08,7.970087051391602
2015-04-09,8.731657981872559
2015-04-10,8.905085563659668
2015-04-13,9.25193977355957
2015-04-14,9.39520263671875
2015-04-15,10.058749198913574
2015-04-16,9.787296295166016
2015-04-17,9.764678001403809
2015-04-20,9.8551607131958
2015-04-22,9.802379608154297
2015-04-23,9.70435619354248
2015-04-24,9.968265533447266
2015-04-27,9.440443992614746
2015-04-28,9.628952980041504
2015-04-29,9.666653633117676
2015-04-30,9.847620964050293
2015-05-04,10.398061752319336
2015-05-05,10.880640029907227
2015-05-06,10.398061752319336
2015-05-07,10.300037384033203
2015-05-08,10.186933517456055
2015-05-11,10.38298225402832
2015-05-12,10.352819442749023
2015-05-13,10.541327476501465
2015-05-14,10.481005668640137
2015-05-15,10.586570739746094
2015-05-18,10.330199241638184
2015-05-19,9.719436645507812
2015-05-20,9.681735038757324
2015-05-21,10.164312362670898
2015-05-22,9.8551607131958
2015-05-25,9.674195289611816
2015-05-26,9.342419624328613
2015-05-27,9.455527305603027
2015-05-28,9.538467407226562
2015-05-29,9.297181129455566
2015-06-01,9.319801330566406
2015-06-02,9.711894989013672
2015-06-03,9.644033432006836
2015-06-05,9.478145599365234
2015-06-08,9.478145599365234
2015-06-09,9.802379608154297
2015-06-10,9.862700462341309
2015-06-11,9.87778091430664
2015-06-12,9.817460060119629
2015-06-15,9.809920310974121
2015-06-16,10.088911056518555
2015-06-17,9.907946586608887
2015-06-18,10.141690254211426
2015-06-19,9.915484428405762
2015-06-22,9.930564880371094
2015-06-23,9.77975845336914
2015-06-24,9.968265533447266
2015-06-25,9.50076675415039
2015-06-26,9.960724830627441
2015-06-29,9.689274787902832
2015-06-30,9.568629264831543
2015-07-01,9.168994903564453
2015-07-02,9.312259674072266
2015-07-03,8.867382049560547
2015-07-06,8.678877830505371
2015-07-07,8.874922752380371
2015-07-08,8.64117431640625
2015-07-10,8.905085563659668
2015-07-13,8.89000415802002
2015-07-14,9.040809631347656
2015-07-15,8.882462501525879
2015-07-16,9.040809631347656
2015-07-17,8.603472709655762
2015-07-20,8.135974884033203
2015-07-21,8.090731620788574
2015-07-22,7.811742305755615
2015-07-23,7.6307759284973145
2015-07-24,7.562911510467529
2015-07-27,7.163278102874756
2015-07-28,7.555370330810547
2015-07-29,8.06811237335205
2015-07-30,7.856984615325928
2015-07-31,7.909765720367432
2015-08-03,7.562911510467529
2015-08-04,7.66093635559082
2015-08-05,7.5478315353393555
2015-08-06,7.7966628074646
2015-08-07,7.306541919708252
2015-08-10,7.532751083374023
2015-08-11,7.525208950042725
2015-08-12,7.404565334320068
2015-08-13,7.163278102874756
2015-08-14,7.012472152709961
2015-08-17,6.89936637878418
2015-08-18,6.778721332550049
2015-08-19,6.590214252471924
2015-08-20,6.552513122558594
2015-08-21,6.258443355560303
2015-08-24,5.949289798736572
2015-08-25,5.919129371643066
2015-08-26,6.1302571296691895
2015-08-27,6.725940704345703
2015-08-28,6.801342487335205
2015-08-31,6.929526329040527
2015-09-01,6.477109909057617
2015-09-02,6.650537490844727
2015-09-03,6.605295658111572
2015-09-04,6.416787624359131
2015-09-08,6.514811038970947
2015-09-09,6.3263044357299805
2015-09-10,6.0096116065979
2015-09-11,5.775863170623779
2015-09-14,5.821105480194092
2015-09-15,5.76832389831543
2015-09-16,6.1377973556518555
2015-09-17,5.926669597625732
2015-09-18,5.730621814727783
2015-09-21,5.50441312789917
2015-09-22,5.255583763122559
2015-09-23,5.142479419708252
2015-09-24,5.248042106628418
2015-09-25,5.142479419708252
2015-09-28,4.855947494506836
2015-09-29,4.969053268432617
2015-09-30,5.459170818328857
2015-10-01,5.293285369873047
2015-10-02,5.858806133270264
2015-10-05,5.89650821685791
2015-10-06,6.1754984855651855
2015-10-07,6.386626720428467
2015-10-08,6.5977559089660645
2015-10-09,6.635456562042236
2015-10-13,6.1302571296691895
2015-10-14,6.002071380615234
2015-10-15,6.032232761383057
2015-10-16,5.994531631469727
2015-10-19,5.994531631469727
2015-10-20,6.069934844970703
2015-10-21,5.843725681304932
2015-10-22,6.047314643859863
2015-10-23,6.024693012237549
2015-10-26,5.919129371643066
2015-10-27,5.730621814727783
2015-10-28,5.994531631469727
2015-10-29,5.738162517547607
2015-10-30,5.813564300537109
2015-11-03,6.394166946411133
2015-11-04,6.092555999755859
2015-11-05,6.115177631378174
2015-11-06,5.89650821685791
2015-11-09,5.9643707275390625
2015-11-10,5.738162517547607
2015-11-11,5.821105480194092
2015-11-12,5.715540885925293
2015-11-13,5.481792449951172
2015-11-16,5.806024074554443
2015-11-17,5.851265907287598
2015-11-18,5.89650821685791
2015-11-19,5.911588668823242
2015-11-23,6.092555999755859
2015-11-24,6.409246921539307
2015-11-25,5.9568305015563965
2015-11-26,5.971911430358887
2015-11-27,5.730621814727783
2015-11-30,5.783403396606445
2015-12-01,5.647678852081299
2015-12-02,5.670299053192139
2015-12-03,6.017152309417725
2015-12-04,5.670299053192139
2015-12-07,5.421468734741211
2015-12-08,5.376226425170898
2015-12-09,5.76832389831543
2015-12-10,5.617516994476318
2015-12-11,5.466711044311523
2015-12-14,5.436550140380859
2015-12-15,5.5948967933654785
2015-12-16,5.496872425079346
2015-12-17,5.429010391235352
2015-12-18,5.293285369873047
2015-12-21,5.006753444671631
2015-12-22,5.119858264923096
2015-12-23,5.225421905517578
2015-12-28,5.051994800567627
2015-12-29,5.044455528259277
2015-12-30,5.051994800567627
2016-01-04,5.180180549621582
2016-01-05,5.036914825439453
2016-01-06,4.82578706741333
2016-01-07,4.720221996307373
2016-01-08,4.727763652801514
2016-01-11,4.592037200927734
2016-01-12,4.169781684875488
2016-01-13,3.973733901977539
2016-01-14,4.290425777435303
2016-01-15,3.8983314037323
2016-01-18,3.619339942932129
2016-01-19,3.5137760639190674
2016-01-20,3.3403491973876953
2016-01-21,3.3931312561035156
2016-01-22,3.3252687454223633
2016-01-26,3.166922092437744
2016-01-27,3.445913076400757
2016-01-28,3.468533515930176
2016-01-29,3.649501085281372
2016-02-01,3.5590176582336426
2016-02-02,3.2423250675201416
2016-02-03,3.3855907917022705
2016-02-04,3.5665581226348877
2016-02-05,3.4232919216156006
2016-02-10,3.2498655319213867
2016-02-11,3.1895432472229004
2016-02-12,3.3554294109344482
2016-02-15,3.445913076400757
2016-02-16,3.3478891849517822
2016-02-17,3.5288562774658203
2016-02-18,3.460993766784668
2016-02-19,3.3629703521728516
2016-02-22,3.800307035446167
2016-02-23,3.7098236083984375
2016-02-24,3.672122001647949
2016-02-25,3.6872026920318604
2016-02-26,3.672122001647949
2016-02-29,3.8757095336914062
2016-03-01,4.003894329071045
2016-03-02,4.260263919830322
2016-03-03,4.953973293304443
2016-03-04,5.444089889526367
2016-03-07,5.557194709777832
2016-03-08,5.632596969604492
2016-03-09,5.730621814727783
2016-03-10,5.994531631469727
2016-03-11,6.100095748901367
2016-03-14,5.579814910888672
2016-03-15,4.984132766723633
2016-03-16,5.45163106918335
2016-03-17,6.107635974884033
2016-03-18,6.122716426849365
2016-03-21,6.077475070953369
2016-03-22,6.115177631378174
2016-03-23,5.866346836090088
2016-03-24,5.888967514038086
2016-03-28,6.364005088806152
2016-03-29,6.401707172393799
2016-03-30,6.364005088806152
2016-03-31,6.2659831047058105
2016-04-01,6.303683280944824
2016-04-04,5.685379505157471
2016-04-05,5.88142728805542
2016-04-06,5.715540885925293
2016-04-07,5.806024074554443
2016-04-08,6.228280544281006
2016-04-11,6.3263044357299805
2016-04-12,6.816423416137695
2016-04-13,7.155736923217773
2016-04-14,6.906907081604004
2016-04-15,7.306541919708252
2016-04-18,6.96722936630249
2016-04-19,7.246219635009766
2016-04-20,7.148195266723633
2016-04-22,7.351783752441406
2016-04-25,7.035092830657959
2016-04-26,7.291462421417236
2016-04-27,7.728797912597656
2016-04-28,7.713719367980957
2016-04-29,7.713719367980957
2016-05-02,7.6684770584106445
2016-05-03,7.374405384063721
2016-05-04,7.479968547821045
2016-05-05,7.397026062011719
2016-05-06,7.600614070892334
2016-05-09,7.148195266723633
2016-05-10,7.698637008666992
2016-05-11,7.728797912597656
2016-05-12,7.3819451332092285
2016-05-13,7.133116245269775
2016-05-16,7.351783752441406
2016-05-17,7.163278102874756
2016-05-18,7.027552127838135
2016-05-19,6.756101608276367
2016-05-20,6.7108588218688965
2016-05-23,6.409246921539307
2016-05-24,6.431869029998779
2016-05-25,6.53743314743042
2016-05-27,6.20565938949585
2016-05-30,6.318763732910156
2016-05-31,6.062394142150879
2016-06-01,6.167959213256836
2016-06-02,6.273522853851318
2016-06-03,6.462029457092285
2016-06-06,6.379086494445801
2016-06-07,6.499731063842773
2016-06-08,7.080333709716797
2016-06-09,6.921987533569336
2016-06-10,6.620376110076904
2016-06-13,6.499731063842773
2016-06-14,6.258443355560303
2016-06-15,6.416787624359131
2016-06-16,6.409246921539307
2016-06-17,6.748561859130859
2016-06-20,6.921987533569336
2016-06-21,7.1858978271484375
2016-06-22,7.042632579803467
2016-06-23,7.291462421417236
2016-06-24,6.97476863861084
2016-06-27,6.620376110076904
2016-06-28,6.937067031860352
2016-06-29,7.163278102874756
2016-06-30,7.102954864501953
2016-07-01,7.404565334320068
2016-07-04,7.442266464233398
2016-07-05,7.004931449890137
2016-07-06,7.163278102874756
2016-07-07,7.208519458770752
2016-07-08,7.419647216796875
2016-07-11,7.811742305755615
2016-07-12,8.030411720275879
2016-07-13,8.01533031463623
2016-07-14,8.241539001464844
2016-07-15,8.309399604797363
2016-07-18,8.709036827087402
2016-07-19,8.882462501525879
2016-07-20,8.912623405456543
2016-07-21,8.935246467590332
2016-07-22,9.003107070922852
2016-07-25,9.070972442626953
2016-07-26,8.957863807678223
2016-07-27,8.678877830505371
2016-07-28,8.626091957092285
2016-07-29,8.950326919555664
2016-08-01,8.482827186584473
2016-08-02,8.565771102905273
2016-08-03,8.972946166992188
2016-08-04,9.055891036987305
2016-08-05,8.784438133239746
2016-08-08,8.980485916137695
2016-08-09,8.957863807678223
2016-08-10,8.716578483581543
2016-08-11,9.12375259399414
2016-08-12,9.04835033416748
2016-08-15,9.282099723815918
2016-08-16,9.417824745178223
2016-08-17,9.621413230895996
2016-08-18,9.711894989013672
2016-08-19,9.644033432006836
2016-08-22,9.312259674072266
2016-08-23,9.553549766540527
2016-08-24,9.349960327148438
2016-08-25,9.447985649108887
2016-08-26,9.463067054748535
2016-08-29,9.70435619354248
2016-08-30,9.870241165161133
2016-08-31,9.689274787902832
2016-09-01,9.802379608154297
2016-09-02,10.232173919677734
2016-09-05,10.428224563598633
2016-09-06,10.541327476501465
2016-09-08,10.722294807434082
2016-09-09,10.186933517456055
2016-09-12,10.518705368041992
2016-09-13,9.809920310974121
2016-09-14,9.885321617126465
2016-09-15,10.186933517456055
2016-09-16,9.923023223876953
2016-09-19,9.840080261230469
2016-09-20,10.179389953613281
2016-09-21,10.300037384033203
2016-09-22,10.55640697479248
2016-09-23,10.322659492492676
2016-09-26,10.103989601135254
2016-09-27,9.892861366271973
2016-09-28,10.443304061889648
2016-09-29,10.12661075592041
2016-09-30,10.232173919677734
2016-10-03,10.533788681030273
2016-10-04,10.571491241455078
2016-10-05,10.993744850158691
2016-10-06,11.385839462280273
2016-10-07,11.506484985351562
2016-10-10,11.860877990722656
2016-10-11,11.604508399963379
2016-10-13,11.883500099182129
2016-10-14,12.260514259338379
2016-10-17,12.743093490600586
2016-10-18,13.135187149047852
2016-10-19,13.285996437072754
2016-10-20,13.376477241516113
2016-10-21,13.53482437133789
2016-10-24,13.723331451416016
2016-10-25,13.572525024414062
2016-10-26,13.64792537689209
2016-10-27,13.640386581420898
2016-10-28,13.640386581420898
2016-10-31,13.338773727416992
2016-11-01,12.712931632995605
2016-11-03,12.162490844726562
2016-11-04,12.056925773620605
2016-11-07,12.97684097290039
2016-11-08,12.84865665435791
2016-11-09,12.554585456848145
2016-11-10,11.687451362609863
2016-11-11,10.563948631286621
2016-11-14,10.55640697479248
2016-11-16,11.114389419555664
2016-11-17,10.775076866149902
2016-11-18,10.948502540588379
2016-11-21,11.74777603149414
2016-11-22,12.011683464050293
2016-11-23,11.951360702514648
2016-11-24,11.74777603149414
2016-11-25,11.53664779663086
2016-11-28,11.6572904586792
2016-11-29,11.054065704345703
2016-11-30,12.064465522766113
2016-12-01,11.642210960388184
2016-12-02,11.93628215789795
2016-12-05,11.808096885681152
2016-12-06,12.177569389343262
2016-12-07,11.958901405334473
2016-12-08,11.838258743286133
2016-12-09,11.74777603149414
2016-12-12,11.76285457611084
2016-12-13,11.649749755859375
2016-12-14,11.114389419555664
2016-12-15,11.197333335876465
2016-12-16,11.129469871520996
2016-12-19,10.827858924865723
2016-12-20,10.820319175720215
2016-12-21,10.812777519226074
2016-12-22,10.563948631286621
2016-12-23,10.737372398376465
2016-12-26,10.873100280761719
2016-12-27,10.865559577941895
2016-12-28,11.144551277160645
2016-12-29,11.21241283416748
2017-01-02,11.054065704345703
2017-01-03,11.687451362609863
2017-01-04,11.687451362609863
2017-01-05,11.875960350036621
2017-01-06,11.808096885681152
2017-01-09,11.559267044067383
2017-01-10,11.672370910644531
2017-01-11,11.808096885681152
2017-01-12,11.989063262939453
2017-01-13,11.823177337646484
2017-01-16,11.875960350036621
2017-01-17,11.928741455078125
2017-01-18,11.906121253967285
2017-01-19,11.89103889465332
2017-01-20,12.064465522766113
2017-01-23,12.056925773620605
2017-01-24,12.094629287719727
2017-01-26,11.913661003112793
2017-01-27,11.777935028076172
2017-01-30,11.189793586730957
2017-01-31,11.325519561767578
2017-02-01,11.325519561767578
2017-02-02,11.227495193481445
2017-02-03,11.56680679321289
2017-02-06,11.28027629852295
2017-02-07,11.084227561950684
2017-02-08,11.385839462280273
2017-02-09,11.348138809204102
2017-02-10,11.74777603149414
2017-02-13,11.777935028076172
2017-02-14,11.928741455078125
2017-02-15,11.943822860717773
2017-02-16,11.958901405334473
2017-02-17,11.770395278930664
2017-02-20,12.004142761230469
2017-02-21,12.132329940795898
2017-02-22,11.838258743286133
2017-02-23,11.732693672180176
2017-02-24,11.446161270141602
2017-03-01,11.702531814575195
2017-03-02,11.393380165100098
2017-03-03,11.551726341247559
2017-03-06,11.385839462280273
2017-03-07,11.446161270141602
2017-03-08,10.971124649047852
2017-03-09,10.933422088623047
2017-03-10,10.79015827178955
2017-03-13,10.835397720336914
2017-03-14,10.247257232666016
2017-03-15,10.707212448120117
2017-03-16,10.337740898132324
2017-03-17,9.923023223876953
2017-03-20,10.254798889160156
2017-03-21,9.802379608154297
2017-03-22,10.300037384033203
2017-03-23,10.232173919677734
2017-03-24,10.164312362670898
2017-03-27,10.38298225402832
2017-03-28,10.518705368041992
2017-03-29,10.895719528198242
2017-03-30,10.895719528198242
2017-03-31,10.925881385803223
2017-04-03,11.061606407165527
2017-04-04,11.197333335876465
2017-04-05,10.986204147338867
2017-04-06,10.95604419708252
2017-04-07,11.084227561950684
2017-04-10,11.265193939208984
2017-04-11,11.069148063659668
2017-04-12,11.046525955200195
2017-04-13,10.616731643676758
2017-04-17,10.767538070678711
2017-04-18,10.63181209564209
2017-04-19,10.254798889160156
2017-04-20,10.465925216674805
2017-04-24,10.579028129577637
2017-04-25,10.812777519226074
2017-04-26,10.55640697479248
2017-04-27,10.352819442749023
2017-04-28,10.533788681030273
2017-05-02,10.548867225646973
2017-05-03,10.67705249786377
2017-05-04,10.254798889160156
2017-05-05,10.714753150939941
2017-05-08,10.616731643676758
2017-05-09,10.661972045898438
2017-05-10,11.106847763061523
2017-05-11,11.174713134765625
2017-05-12,11.649749755859375
2017-05-15,11.823177337646484
2017-05-16,11.838258743286133
2017-05-17,11.770395278930664
2017-05-18,9.915484428405762
2017-05-19,10.269877433776855
2017-05-22,10.103989601135254
2017-05-23,10.17185115814209
2017-05-24,10.594111442565918
2017-05-25,10.360361099243164
2017-05-26,10.315117835998535
2017-05-29,10.315117835998535
2017-05-30,10.073829650878906
2017-05-31,9.772218704223633
2017-06-01,9.666653633117676
2017-06-02,9.840080261230469
2017-06-05,9.938106536865234
2017-06-06,9.938106536865234
2017-06-07,9.70435619354248
2017-06-08,9.681735038757324
2017-06-09,9.689274787902832
2017-06-12,9.726975440979004
2017-06-13,9.757137298583984
2017-06-14,9.515847206115723
2017-06-15,9.515847206115723
2017-06-16,9.259476661682129
2017-06-19,9.267017364501953
2017-06-20,8.942784309387207
2017-06-21,8.776899337768555
2017-06-22,9.078512191772461
2017-06-23,8.99556827545166
2017-06-26,9.25193977355957
2017-06-27,9.206695556640625
2017-06-28,9.108673095703125
2017-06-29,9.184074401855469
2017-06-30,9.327340126037598
2017-07-03,9.319801330566406
2017-07-04,9.372583389282227
2017-07-05,9.206695556640625
2017-07-06,9.176532745361328
2017-07-07,8.99556827545166
2017-07-10,9.033268928527832
2017-07-11,9.297181129455566
2017-07-12,9.757137298583984
2017-07-13,9.70435619354248
2017-07-14,9.840080261230469
2017-07-17,9.719436645507812
2017-07-18,9.757137298583984
2017-07-19,9.975805282592773
2017-07-20,9.87778091430664
2017-07-21,9.568629264831543
2017-07-24,9.711894989013672
2017-07-25,9.968265533447266
2017-07-26,9.847620964050293
2017-07-27,9.802379608154297
2017-07-28,9.90040397644043
2017-07-31,10.021047592163086
2017-08-01,9.892861366271973
2017-08-02,10.186933517456055
2017-08-03,10.036127090454102
2017-08-04,10.103989601135254
2017-08-07,10.217095375061035
2017-08-08,10.17185115814209
2017-08-09,10.194474220275879
2017-08-10,9.945643424987793
2017-08-11,9.764678001403809
2017-08-14,9.862700462341309
2017-08-15,9.915484428405762
2017-08-16,9.90040397644043
2017-08-17,9.840080261230469
2017-08-18,10.254798889160156
2017-08-21,10.058749198913574
2017-08-22,10.398061752319336
2017-08-23,10.375442504882812
2017-08-24,10.40560245513916
2017-08-25,10.465925216674805
2017-08-28,10.458385467529297
2017-08-29,10.443304061889648
2017-08-30,10.141690254211426
2017-08-31,10.292498588562012
2017-09-01,10.571491241455078
2017-09-04,10.684593200683594
2017-09-05,10.865559577941895
2017-09-06,11.325519561767578
2017-09-07,11.325519561767578
2017-09-08,11.091768264770508
2017-09-11,11.302897453308105
2017-09-12,11.21241283416748
2017-09-13,11.33305835723877
2017-09-14,11.340598106384277
2017-09-15,11.340598106384277
2017-09-18,11.340598106384277
2017-09-19,11.415999412536621
2017-09-20,11.96644115447998
2017-09-21,11.815637588500977
2017-09-22,11.830718040466309
2017-09-25,11.943822860717773
2017-09-26,11.732693672180176
2017-09-27,11.54418659210205
2017-09-28,11.56680679321289
2017-09-29,11.53664779663086
2017-10-02,11.612048149108887
2017-10-03,12.049386024475098
2017-10-04,11.808096885681152
2017-10-05,11.989063262939453
2017-10-06,11.830718040466309
2017-10-09,11.981523513793945
2017-10-10,12.207732200622559
2017-10-11,12.124788284301758
2017-10-12,12.124788284301758
2017-10-13,12.124788284301758
2017-10-16,12.154950141906738
2017-10-17,12.162490844726562
2017-10-18,12.185111999511719
2017-10-19,12.177569389343262
2017-10-20,12.230355262756348
2017-10-23,12.215271949768066
2017-10-24,12.44902229309082
2017-10-25,12.607366561889648
2017-10-26,12.614907264709473
2017-10-27,12.841116905212402
2017-10-30,12.652608871459961
2017-10-31,12.645066261291504
2017-11-01,12.743093490600586
2017-11-02,12.743093490600586
2017-11-03,12.773253440856934
2017-11-06,13.142729759216309
2017-11-07,12.441482543945312
2017-11-08,12.780793190002441
2017-11-09,12.607366561889648
2017-11-10,12.607366561889648
2017-11-13,12.547045707702637
2017-11-14,11.574348449707031
2017-11-15,11.574348449707031
2017-11-16,11.921201705932617
2017-11-17,12.079546928405762
2017-11-20,12.079546928405762
2017-11-21,11.989063262939453
2017-11-22,12.147411346435547
2017-11-23,12.207732200622559
2017-11-24,12.139869689941406
2017-11-27,11.96644115447998
2017-11-28,11.943822860717773
2017-11-29,11.559267044067383
2017-11-30,11.596969604492188
2017-12-01,11.770395278930664
2017-12-04,11.672370910644531
2017-12-05,11.54418659210205
2017-12-06,11.702531814575195
2017-12-07,11.506484985351562
2017-12-08,11.574348449707031
2017-12-11,11.596969604492188
2017-12-12,11.679911613464355
2017-12-13,11.446161270141602
2017-12-14,11.317976951599121
2017-12-15,11.272736549377441
2017-12-18,11.476325035095215
2017-12-19,11.415999412536621
2017-12-20,11.491405487060547
2017-12-21,11.958901405334473
2017-12-22,11.875960350036621
2017-12-25,11.875960350036621
2017-12-26,12.041844367980957
2017-12-27,12.102166175842285
2017-12-28,12.139869689941406
2017-12-29,12.139869689941406
2018-01-02,12.479183197021484
2018-01-03,12.592286109924316
2018-01-04,12.614907264709473
2018-01-05,12.69031047821045
2018-01-08,12.841116905212402
2018-01-09,12.841116905212402
2018-01-10,12.667688369750977
2018-01-11,13.007001876831055
2018-01-12,13.044705390930176
2018-01-15,13.082406997680664
2018-01-16,13.308613777160645
2018-01-17,13.843975067138672
2018-01-18,13.738409996032715
2018-01-19,13.768572807312012
2018-01-22,13.92691707611084
2018-01-23,13.75349235534668
2018-01-24,14.582924842834473
2018-01-25,14.582924842834473
2018-01-26,15.027801513671875
2018-01-29,14.967479705810547
2018-01-30,14.696027755737305
2018-01-31,14.854373931884766
2018-02-01,15.472678184509277
2018-02-02,15.05795955657959
2018-02-05,14.356717109680176
2018-02-06,15.073041915893555
2018-02-07,14.658329963684082
2018-02-08,14.364253044128418
2018-02-09,14.153128623962402
2018-02-14,14.515061378479004
2018-02-15,14.628164291381836
2018-02-16,14.643247604370117
2018-02-19,15.11828327178955
2018-02-20,15.412355422973633
2018-02-21,15.26909065246582
2018-02-22,15.638566017150879
2018-02-23,15.92509651184082
2018-02-26,16.226707458496094
2018-02-27,16.211626052856445
2018-02-28,16.18146324157715
2018-03-01,15.857230186462402
2018-03-02,16.21916961669922
2018-03-05,16.679126739501953
2018-03-06,16.513233184814453
2018-03-07,16.33980941772461
2018-03-08,16.36243438720703
2018-03-09,16.882715225219727
2018-03-12,16.83746910095215
2018-03-13,16.671588897705078
2018-03-14,16.875167846679688
2018-03-15,16.068357467651367
2018-03-16,16.158843994140625
2018-03-19,15.781832695007324
2018-03-20,15.955257415771484
2018-03-21,16.626338958740234
2018-03-22,16.377513885498047
2018-03-23,16.40013313293457
2018-03-26,16.611265182495117
2018-03-27,16.1663875579834
2018-03-28,15.985418319702148
2018-03-29,16.14376449584961
2018-04-02,15.759208679199219
2018-04-03,15.615944862365723
2018-04-04,15.36711311340332
2018-04-05,15.947713851928711
2018-04-06,16.04574203491211
2018-04-09,15.480219841003418
2018-04-10,16.1362247467041
2018-04-11,16.437833786010742
2018-04-12,16.347347259521484
2018-04-13,15.985418319702148
2018-04-16,15.54808235168457
2018-04-17,15.857230186462402
2018-04-18,16.437833786010742
2018-04-19,16.739450454711914
2018-04-20,16.860090255737305
2018-04-23,16.95057487487793
2018-04-24,16.8902530670166
2018-04-25,16.385053634643555
2018-04-26,17.063676834106445
2018-04-27,17.124000549316406
2018-04-30,17.32004737854004
2018-05-02,17.04105567932129
2018-05-03,16.927953720092773
2018-05-04,16.792226791381836
2018-05-07,17.07876205444336
2018-05-08,17.27480697631836
2018-05-09,18.684839248657227
2018-05-10,19.41625213623047
2018-05-11,19.18250274658203
2018-05-14,19.785722732543945
2018-05-15,20.200437545776367
2018-05-16,20.65285873413086
2018-05-17,19.56705093383789
2018-05-18,19.340848922729492
2018-05-21,18.888431549072266
2018-05-22,18.669321060180664
2018-05-23,17.581350326538086
2018-05-24,15.171185493469238
2018-05-25,14.959633827209473
2018-05-28,12.776135444641113
2018-05-29,14.581867218017578
2018-05-30,14.340095520019531
2018-06-01,12.209481239318848
2018-06-04,13.244566917419434
2018-06-05,12.53436279296875
2018-06-06,12.337921142578125
2018-06-07,11.907266616821289
2018-06-08,11.521943092346191
2018-06-11,11.642827987670898
2018-06-12,11.6806058883667
2018-06-13,11.461498260498047
2018-06-14,11.408611297607422
2018-06-15,11.310393333435059
2018-06-18,10.955288887023926
2018-06-19,11.650382041931152
2018-06-20,12.247257232666016
2018-06-21,11.408611297607422
2018-06-22,11.416166305541992
2018-06-25,11.861933708190918
2018-06-26,12.118817329406738
2018-06-27,12.50413990020752
2018-06-28,12.541918754577637
2018-06-29,12.987685203552246
2018-07-02,13.199234008789062
2018-07-03,13.221900939941406
2018-07-04,13.305011749267578
2018-07-05,13.493896484375
2018-07-06,13.554337501525879
2018-07-10,13.410784721374512
2018-07-11,13.153901100158691
2018-07-12,13.561894416809082
2018-07-13,13.682779312133789
2018-07-16,13.509004592895508
2018-07-17,13.81877613067627
2018-07-18,13.637443542480469
2018-07-19,13.90188217163086
2018-07-20,14.57431411743164
2018-07-23,14.551647186279297
2018-07-24,14.853862762451172
2018-07-25,15.08051872253418
2018-07-26,14.664977073669434
2018-07-27,14.936971664428711
2018-07-30,15.027632713317871
2018-07-31,14.89919376373291
2018-08-01,15.11829948425293
2018-08-02,15.420514106750488
2018-08-03,15.949389457702637
2018-08-06,15.896506309509277
2018-08-07,15.647176742553711
2018-08-08,15.21651840209961
2018-08-09,15.367627143859863
2018-08-10,14.800972938537598
2018-08-13,15.140962600708008
2018-08-14,15.133389472961426
2018-08-15,14.428980827331543
2018-08-16,14.353240966796875
2018-08-17,13.982101440429688
2018-08-20,13.906359672546387
2018-08-21,13.421606063842773
2018-08-22,13.898785591125488
2018-08-23,13.595815658569336
2018-08-24,13.860912322998047
2018-08-27,14.171457290649414
2018-08-28,13.898785591125488
2018-08-29,14.618339538574219
2018-08-30,14.239624977111816
2018-08-31,14.588044166564941
2018-09-03,14.391114234924316
2018-09-04,14.12601375579834
2018-09-05,14.20175552368164
2018-09-06,14.383536338806152
2018-09-10,14.588044166564941
2018-09-11,14.012396812438965
2018-09-12,14.353240966796875
2018-09-13,14.171457290649414
2018-09-14,14.232053756713867
2018-09-17,14.694080352783203
2018-09-18,15.337895393371582
2018-09-19,15.133389472961426
2018-09-20,15.05007266998291
2018-09-21,15.254578590393066
2018-09-24,15.148537635803223
2018-09-25,15.209132194519043
2018-09-26,15.292448997497559
2018-09-27,16.25438117980957
2018-09-28,15.974135398864746
2018-10-01,15.905964851379395
2018-10-02,17.28448486328125
2018-10-03,18.019189834594727
2018-10-04,18.193395614624023
2018-10-05,18.147951126098633
2018-10-08,20.14755630493164
2018-10-09,20.314189910888672
2018-10-10,19.730972290039062
2018-10-11,19.15532684326172
2018-10-15,19.518892288208008
2018-10-16,20.246023178100586
2018-10-17,20.0339412689209
2018-10-18,19.46587371826172
2018-10-19,19.632509231567383
2018-10-22,20.09453773498535
2018-10-23,19.844585418701172
2018-10-24,19.45072364807129
2018-10-25,19.935476303100586
2018-10-26,20.904985427856445
2018-10-29,20.011219024658203
2018-10-30,21.20795440673828
2018-10-31,20.920135498046875
2018-11-01,20.69290542602539
2018-11-05,21.329143524169922
2018-11-06,20.594438552856445
2018-11-07,19.920331954956055
2018-11-08,19.200777053833008
2018-11-09,19.284090042114258
2018-11-12,19.185625076293945
2018-11-13,18.360029220581055
2018-11-14,19.01141929626465
2018-11-16,19.541616439819336
2018-11-19,19.693103790283203
2018-11-21,19.064437866210938
2018-11-22,19.125272750854492
2018-11-23,18.532119750976562
2018-11-26,18.440868377685547
2018-11-27,19.41424560546875
2018-11-28,19.3001766204834
2018-11-29,19.140483856201172
2018-11-30,19.361011505126953
2018-12-03,19.726030349731445
2018-12-04,19.269760131835938
2018-12-05,19.43705940246582
2018-12-06,18.699419021606445
2018-12-07,18.836301803588867
2018-12-10,17.824905395507812
2018-12-11,17.710838317871094
2018-12-12,17.718441009521484
2018-12-13,17.764068603515625
2018-12-14,17.52833366394043
2018-12-17,17.39145278930664
2018-12-18,16.729862213134766
2018-12-19,16.919971466064453
2018-12-20,16.342029571533203
2018-12-21,16.38766098022461
2018-12-26,17.053565979003906
2018-12-27,17.04570198059082
2018-12-28,17.840171813964844
2019-01-02,18.92568588256836
2019-01-03,19.389781951904297
2019-01-04,19.444843292236328
2019-01-07,19.751619338989258
2019-01-08,19.63362693786621
2019-01-09,20.042661666870117
2019-01-10,19.869609832763672
2019-01-11,19.6572265625
2019-01-14,19.547100067138672
2019-01-15,19.531368255615234
2019-01-16,19.52350425720215
2019-01-17,19.790950775146484
2019-01-18,19.979734420776367
2019-01-21,20.081995010375977
2019-01-22,19.767353057861328
2019-01-23,20.003337860107422
2019-01-24,20.08985710144043
2019-01-28,19.484174728393555
2019-01-29,19.95613670349121
2019-01-30,20.152790069580078
2019-01-31,20.12132453918457
2019-02-01,20.294374465942383
2019-02-04,20.47529411315918
2019-02-05,20.514625549316406
2019-02-06,20.050527572631836
2019-02-07,19.73588752746582
2019-02-08,19.767353057861328
2019-02-11,19.539236068725586
2019-02-12,20.2314453125
2019-02-13,20.491029739379883
2019-02-14,21.198970794677734
2019-02-15,21.112443923950195
2019-02-18,21.049516677856445
2019-02-19,21.537208557128906
2019-02-20,21.26976776123047
2019-02-21,21.552940368652344
2019-02-22,21.34055519104004
2019-02-25,21.002321243286133
2019-02-26,20.90792465209961
2019-02-27,21.301227569580078
2019-02-28,21.285493850708008
2019-03-01,21.002321243286133
2019-03-06,21.049516677856445
2019-03-07,21.057382583618164
2019-03-08,20.97871971130371
2019-03-11,21.82825469970703
2019-03-12,21.631603240966797
2019-03-13,22.103567123413086
2019-03-14,22.174358367919922
2019-03-15,22.221553802490234
2019-03-18,22.606990814208984
2019-03-19,22.968828201293945
2019-03-20,22.787912368774414
2019-03-21,22.46540069580078
2019-03-22,21.23829460144043
2019-03-25,21.50574493408203
2019-03-26,22.520463943481445
2019-03-27,21.50574493408203
2019-03-28,22.072099685668945
2019-03-29,22.072099685668945
2019-04-01,22.024906158447266
2019-04-02,22.253019332885742
2019-04-03,21.663068771362305
2019-04-04,22.394607543945312
2019-04-05,22.63845443725586
2019-04-08,23.00815773010254
2019-04-09,22.937362670898438
2019-04-10,22.63845443725586
2019-04-11,22.024906158447266
2019-04-12,20.317974090576172
2019-04-15,20.396636962890625
2019-04-16,21.018049240112305
2019-04-17,21.041650772094727
2019-04-18,21.710264205932617
2019-04-22,21.584407806396484
2019-04-23,21.773191452026367
2019-04-24,21.710264205932617
2019-04-25,21.867582321166992
2019-04-26,21.44999122619629
2019-04-29,21.54445457458496
2019-04-30,21.33979034423828
2019-05-02,21.040672302246094
2019-05-03,21.1351318359375
2019-05-06,21.072158813476562
2019-05-07,20.741552352905273
2019-05-08,21.54445457458496
2019-05-09,21.119388580322266
2019-05-10,21.001317977905273
2019-05-13,20.387332916259766
2019-05-14,20.466049194335938
2019-05-15,20.3715877532959
2019-05-16,19.891422271728516
2019-05-17,19.427001953125
2019-05-20,20.088212966918945
2019-05-21,20.851757049560547
2019-05-22,20.772741317749023
2019-05-23,20.41718101501465
2019-05-24,20.614713668823242
2019-05-27,20.733232498168945
2019-05-28,21.175710678100586
2019-05-29,20.938671112060547
2019-05-30,20.662120819091797
2019-05-31,20.188037872314453
2019-06-03,20.53569793701172
2019-06-04,20.701629638671875
2019-06-05,20.432981491088867
2019-06-06,20.76483917236328
2019-06-07,21.144107818603516
2019-06-10,21.05718994140625
2019-06-11,21.460163116455078
2019-06-12,21.215219497680664
2019-06-13,21.47596549987793
2019-06-14,21.381147384643555
2019-06-17,21.420652389526367
2019-06-18,21.689302444458008
2019-06-19,21.744611740112305
2019-06-21,22.345117568969727
2019-06-24,22.3214111328125
2019-06-25,21.736709594726562
2019-06-26,21.86313247680664
2019-06-27,21.515470504760742
2019-06-28,21.65769386291504
2019-07-01,21.539175033569336
2019-07-02,21.191513061523438
2019-07-03,21.47596549987793
2019-07-04,21.64189338684082
2019-07-05,21.649795532226562
2019-07-08,21.847328186035156
2019-07-10,22.179187774658203
2019-07-11,22.43993377685547
2019-07-12,22.542652130126953
2019-07-15,22.266103744506836
2019-07-16,21.989553451538086
2019-07-17,21.87103271484375
2019-07-18,21.736709594726562
2019-07-19,21.6814022064209
2019-07-22,21.72090721130371
2019-07-23,21.744611740112305
2019-07-24,21.610286712646484
2019-07-25,21.246822357177734
2019-07-26,20.65422248840332
2019-07-29,20.84385108947754
2019-07-30,20.733232498168945
2019-07-31,20.6068115234375
2019-08-01,20.74113655090332
2019-08-02,20.954471588134766
2019-08-05,20.188037872314453
2019-08-06,20.448781967163086
2019-08-07,20.22754669189453
2019-08-08,20.820148468017578
2019-08-09,20.76483917236328
2019-08-12,20.267051696777344
2019-08-13,20.537809371948242
2019-08-14,19.844985961914062
2019-08-15,19.295509338378906
2019-08-16,19.040672302246094
2019-08-19,19.13623809814453
2019-08-20,19.128276824951172
2019-08-21,20.267053604125977
2019-08-22,20.083892822265625
2019-08-23,19.335325241088867
2019-08-26,19.080495834350586
2019-08-27,19.38310432434082
2019-08-28,19.58219337463379
2019-08-29,20.306867599487305
2019-08-30,20.306867599487305
2019-09-02,20.147598266601562
2019-09-03,20.38650131225586
2019-09-04,20.912094116210938
2019-09-05,21.01561737060547
2019-09-06,21.119142532348633
2019-09-09,21.445648193359375
2019-09-10,21.581026077270508
2019-09-11,21.397863388061523
2019-09-12,21.549171447753906
2019-09-13,21.405826568603516
2019-09-16,22.34552001953125
2019-09-17,22.050872802734375
2019-09-18,21.676586151123047
2019-09-19,21.73233413696289
2019-09-20,21.501392364501953
2019-09-23,21.883636474609375
2019-09-24,21.716405868530273
2019-09-25,21.77214813232422
2019-09-26,22.058834075927734
2019-09-27,22.026979446411133
2019-09-30,21.93937873840332
2019-10-01,21.907527923583984
2019-10-02,21.278413772583008
2019-10-03,21.294340133666992
2019-10-04,21.111181259155273
2019-10-07,20.84041976928711
2019-10-08,20.72096824645996
2019-10-09,21.119142532348633
2019-10-10,21.294340133666992
2019-10-11,21.70844268798828
2019-10-14,21.74825668334961
2019-10-15,21.97920036315918
2019-10-16,22.24199676513672
2019-10-17,22.026979446411133
2019-10-18,21.97920036315918
2019-10-21,22.114580154418945
2019-10-22,22.75165367126465
2019-10-23,23.054269790649414
2019-10-24,22.552570343017578
2019-10-25,23.29317283630371
2019-10-28,23.571895599365234
2019-10-29,23.747089385986328
2019-10-30,23.954139709472656
2019-10-31,24.201011657714844
2019-11-01,24.23286247253418
2019-11-04,24.177122116088867
2019-11-05,23.611711502075195
2019-11-06,23.65949249267578
2019-11-07,24.607149124145508
2019-11-08,23.906362533569336
2019-11-11,24.248790740966797
2019-11-12,24.065156936645508
2019-11-13,23.968957901000977
2019-11-14,23.487974166870117
2019-11-18,23.311614990234375
2019-11-19,23.07112693786621
2019-11-21,23.928874969482422
2019-11-22,24.0330867767334
2019-11-25,23.83268165588379
2019-11-26,23.399797439575195
2019-11-27,23.512025833129883
2019-11-28,23.672353744506836
2019-11-29,23.36772918701172
2019-12-02,23.303600311279297
2019-12-03,23.2314510345459
2019-12-04,23.776567459106445
2019-12-05,24.08920669555664
2019-12-06,24.329696655273438
2019-12-09,24.217466354370117
2019-12-10,24.401844024658203
2019-12-11,24.369773864746094
2019-12-12,24.826711654663086
2019-12-13,24.0330867767334
2019-12-16,23.576156616210938
2019-12-17,23.928874969482422
2019-12-18,24.48200798034668
2019-12-19,24.538122177124023
2019-12-20,24.257549285888672
2019-12-23,24.44994354248047
2019-12-26,24.77861213684082
2019-12-27,24.80457305908203
2019-12-30,24.52824592590332
2020-01-02,24.950864791870117
2020-01-03,24.747682571411133
2020-01-06,25.040266036987305
2020-01-07,24.942737579345703
2020-01-08,24.788318634033203
2020-01-09,24.70704460144043
2020-01-10,24.601388931274414
2020-01-13,24.6501522064209
2020-01-14,24.38195037841797
2020-01-15,24.01622200012207
2020-01-16,23.991844177246094
2020-01-17,24.26004409790039
2020-01-20,24.38195037841797
2020-01-21,24.073116302490234
2020-01-22,23.804914474487305
2020-01-23,24.09749412536621
2020-01-24,23.813039779663086
2020-01-27,22.780874252319336
2020-01-28,23.406675338745117
2020-01-29,23.447311401367188
2020-01-30,23.520456314086914
2020-01-31,23.12221908569336
2020-02-03,22.90277862548828
2020-02-04,23.268508911132812
2020-02-05,23.073455810546875
2020-02-06,23.715511322021484
2020-02-07,23.5123291015625
2020-02-10,23.674875259399414
2020-02-11,23.959333419799805
2020-02-12,24.487607955932617
2020-02-13,24.154386520385742
2020-02-14,23.910566329956055
2020-02-17,23.861804962158203
2020-02-18,24.178770065307617
2020-02-19,24.828956604003906
2020-02-20,24.31693458557129
2020-02-21,23.68300437927246
2020-02-26,21.301698684692383
2020-02-27,20.56211280822754
2020-02-28,20.594621658325195
2020-03-02,21.56177520751953
2020-03-03,21.171659469604492
2020-03-04,21.854358673095703
2020-03-05,20.553987503051758
2020-03-06,18.554664611816406
2020-03-09,13.044343948364258
2020-03-10,14.271570205688477
2020-03-11,12.881797790527344
2020-03-12,10.2404203414917
2020-03-13,12.516068458557129
2020-03-16,10.63865852355957
2020-03-17,10.565512657165527
2020-03-18,9.175741195678711
2020-03-19,9.923455238342285
2020-03-20,9.75278091430664
2020-03-23,9.346413612365723
2020-03-24,10.768694877624512
2020-03-25,11.638318061828613
2020-03-26,11.695209503173828
2020-03-27,10.809332847595215
2020-03-30,10.874350547790527
2020-03-31,11.3701171875
2020-04-01,11.622063636779785
2020-04-02,12.60546875
2020-04-03,12.467304229736328
2020-04-06,12.816781044006348
2020-04-07,13.328801155090332
2020-04-08,14.076513290405273
2020-04-09,13.670146942138672
2020-04-13,13.75954818725586
2020-04-14,13.597002029418945
2020-04-15,13.312545776367188
2020-04-16,12.776144027709961
2020-04-17,13.10936164855957
2020-04-20,12.9630708694458
2020-04-22,13.613256454467773
2020-04-23,13.776172637939453
2020-04-24,12.963418960571289
2020-04-27,13.369796752929688
2020-04-28,14.020381927490234
2020-04-29,14.792518615722656
2020-04-30,14.670601844787598
2020-05-04,14.126041412353516
2020-05-05,14.581196784973145
2020-05-06,14.04476547241211
2020-05-07,14.174808502197266
2020-05-08,15.020094871520996
2020-05-11,14.751879692077637
2020-05-12,14.743752479553223
2020-05-13,14.29672622680664
2020-05-14,14.142297744750977
2020-05-15,13.939103126525879
2020-05-18,15.068862915039062
2020-05-19,15.182650566101074
2020-05-20,15.686572074890137
2020-05-21,15.59716796875
2020-05-22,15.174524307250977
2020-05-25,15.832870483398438
2020-05-26,15.987298965454102
2020-05-27,16.198619842529297
2020-05-28,16.06857681274414
2020-05-29,16.531858444213867
2020-06-01,16.523731231689453
2020-06-02,17.393400192260742
2020-06-03,17.450294494628906
2020-06-04,17.417783737182617
2020-06-05,17.962343215942383
2020-06-08,18.311838150024414
2020-06-09,17.653488159179688
2020-06-10,17.393400192260742
2020-06-12,16.743179321289062
2020-06-15,16.8244571685791
2020-06-16,17.369016647338867
2020-06-17,17.42591094970703
2020-06-18,17.55595588684082
2020-06-19,17.450294494628906
2020-06-22,17.027652740478516
2020-06-23,17.596593856811523
2020-06-24,17.06829261779785
2020-06-25,17.450294494628906
2020-06-26,16.93824577331543
2020-06-29,17.60472297668457
2020-06-30,17.515317916870117
2020-07-01,17.64535903930664
2020-07-02,17.929832458496094
2020-07-03,17.864810943603516
2020-07-06,18.295581817626953
2020-07-07,18.068002700805664
2020-07-08,18.40937042236328
2020-07-09,17.994855880737305
2020-07-10,18.295581817626953
2020-07-13,18.011110305786133
2020-07-14,18.612564086914062
2020-07-15,18.970184326171875
2020-07-16,18.466264724731445
2020-07-17,18.482519149780273
2020-07-20,18.482519149780273
2020-07-21,18.994569778442383
2020-07-22,18.734479904174805
2020-07-23,18.344717025756836
2020-07-24,18.474761962890625
2020-07-27,18.856775283813477
2020-07-28,18.531658172607422
2020-07-29,18.8323917388916
2020-07-30,18.54791259765625
2020-07-31,18.043981552124023
2020-08-03,17.7188663482666
2020-08-04,17.70261001586914
2020-08-05,18.840518951416016
2020-08-06,18.873029708862305
2020-08-07,18.523530960083008
2020-08-10,19.059972763061523
2020-08-11,18.759239196777344
2020-08-12,19.0843563079834
2020-08-13,18.56416893005371
2020-08-14,18.425996780395508
2020-08-17,18.36910057067871
2020-08-18,18.710472106933594
2020-08-19,18.604806900024414
2020-08-20,18.474761962890625
2020-08-21,18.33658790588379
2020-08-24,18.669832229614258
2020-08-25,18.588552474975586
2020-08-26,18.060237884521484
2020-08-27,18.003341674804688
2020-08-28,18.32033348083496
2020-08-31,17.792015075683594
2020-09-01,18.588552474975586
2020-09-02,18.531658172607422
2020-09-03,18.596681594848633
2020-09-04,18.629192352294922
2020-09-08,18.092750549316406
2020-09-09,18.474761962890625
2020-09-10,17.978960037231445
2020-09-11,17.783889770507812
2020-09-14,17.62133026123047
2020-09-15,17.613203048706055
2020-09-16,17.661970138549805
2020-09-17,18.003341674804688
2020-09-18,17.59694480895996
2020-09-21,16.98735237121582
2020-09-22,16.90607261657715
2020-09-23,16.44278335571289
2020-09-24,16.580957412719727
2020-09-25,16.361501693725586
2020-09-28,15.95510482788086
2020-09-29,15.695012092590332
2020-09-30,15.938852310180664
2020-10-01,16.133922576904297
2020-10-02,15.459304809570312
2020-10-05,16.280223846435547
2020-10-06,16.198945999145508
2020-10-07,16.085153579711914
2020-10-08,16.61347007751465
2020-10-09,16.093280792236328
2020-10-13,16.361501693725586
2020-10-14,16.231456756591797
2020-10-15,16.052642822265625
2020-10-16,15.711270332336426
2020-10-19,15.865699768066406
2020-10-20,16.402143478393555
2020-10-21,16.385887145996094
2020-10-22,16.93858528137207
2020-10-23,16.719131469726562
2020-10-26,16.45903778076172
2020-10-27,16.158306121826172
2020-10-28,15.174827575683594
2020-10-29,15.678759574890137
2020-10-30,15.394281387329102
2020-11-03,15.97136402130127
2020-11-04,16.028257369995117
2020-11-05,16.166433334350586
2020-11-06,16.052642822265625
2020-11-09,17.564435958862305
2020-11-10,18.759239196777344
2020-11-11,18.596681594848633
2020-11-12,17.808271408081055
2020-11-13,18.393482208251953
2020-11-16,18.929927825927734
2020-11-17,19.255043029785156
2020-11-18,19.141252517700195
2020-11-19,19.36070442199707
2020-11-23,20.401081085205078
2020-11-24,21.3114070892334
2020-11-25,21.335790634155273
2020-11-26,20.98628807067871
2020-11-27,20.7261962890625
2020-11-30,20.238521575927734
2020-12-01,20.807476043701172
2020-12-02,21.0594425201416
2020-12-03,21.65277862548828
2020-12-04,22.37616539001465
2020-12-07,21.945384979248047
2020-12-08,21.66903305053711
2020-12-09,21.896617889404297
2020-12-10,22.611873626708984
2020-12-11,22.408676147460938
2020-12-14,22.449316024780273
2020-12-15,22.63625717163086
2020-12-16,22.912607192993164
2020-12-17,22.9532470703125
2020-12-18,22.83945655822754
2020-12-21,21.961641311645508
2020-12-22,22.17296600341797
2020-12-23,22.717538833618164
2020-12-28,22.904478073120117
2020-12-29,22.977632522583008
2020-12-30,23.034526824951172
2021-01-04,23.497817993164062
2021-01-05,24.41627311706543
2021-01-06,24.46504020690918
2021-01-07,25.196552276611328
2021-01-08,25.29408836364746
2021-01-11,25.082761764526367
2021-01-12,24.89582061767578
2021-01-13,23.692888259887695
2021-01-14,23.936725616455078
2021-01-15,22.855710983276367
2021-01-18,22.81507110595703
2021-01-19,23.31900405883789
2021-01-20,22.928861618041992
2021-01-21,22.392419815063477
2021-01-22,22.018535614013672
2021-01-26,21.945384979248047
2021-01-27,22.27050018310547
2021-01-28,22.563106536865234
2021-01-29,21.693418502807617
2021-02-01,22.37616539001465
2021-02-02,23.294618606567383
2021-02-03,23.522199630737305
2021-02-04,23.424665451049805
2021-02-05,23.440921783447266
2021-02-08,22.847583770751953
2021-02-09,22.384292602539062
2021-02-10,22.59561538696289
2021-02-11,22.823200225830078
2021-02-12,23.11580467224121
2021-02-17,24.05051612854004
2021-02-18,23.790422439575195
2021-02-19,22.213605880737305
2021-02-22,17.613203048706055
2021-02-23,19.555774688720703
2021-02-24,19.83212661743164
2021-02-25,18.848648071289062
2021-02-26,18.076494216918945
2021-03-01,17.881423950195312
2021-03-02,17.873294830322266
2021-03-03,17.22306251525879
2021-03-04,18.060237884521484
2021-03-05,18.19841194152832
2021-03-08,17.149911880493164
2021-03-09,17.548179626464844
2021-03-10,18.157772064208984
2021-03-11,18.929927825927734
2021-03-12,18.8323917388916
2021-03-15,19.222530364990234
2021-03-16,18.921798706054688
2021-03-17,19.572031021118164
2021-03-18,18.889286041259766
2021-03-19,19.507009506225586
2021-03-22,19.11686897277832
2021-03-23,18.531658172607422
2021-03-24,18.54791259765625
2021-03-25,18.856775283813477
2021-03-26,19.068099975585938
2021-03-29,19.368833541870117
2021-03-30,19.368833541870117
2021-03-31,19.588289260864258
2021-04-01,19.417600631713867
2021-04-05,19.539520263671875
2021-04-06,19.523265838623047
2021-04-07,19.507009506225586
2021-04-08,19.26317024230957
2021-04-09,19.222530364990234
2021-04-12,19.417600631713867
2021-04-13,19.482624053955078
2021-04-14,19.791484832763672
2021-04-15,19.398998260498047
2021-04-16,19.2813777923584
2021-04-19,20.398773193359375
2021-04-20,20.012304306030273
2021-04-22,19.919889450073242
2021-04-23,19.903085708618164
2021-04-26,19.978700637817383
2021-04-27,19.407400131225586
2021-04-28,20.113122940063477
2021-04-29,19.844276428222656
2021-04-30,19.844276428222656
2021-05-03,19.684648513793945
2021-05-04,19.230966567993164
2021-05-05,20.020706176757812
2021-05-06,19.743457794189453
2021-05-07,20.482786178588867
2021-05-10,20.75163459777832
2021-05-11,21.12969970703125
2021-05-12,20.818845748901367
2021-05-13,20.995275497436523
2021-05-14,22.095869064331055
2021-05-17,22.3983211517334
2021-05-18,22.13787841796875
2021-05-19,21.9698486328125
2021-05-20,21.785015106201172
2021-05-21,21.80181884765625
2021-05-24,22.171483993530273
2021-05-25,21.709402084350586
2021-05-26,21.9194393157959
2021-05-27,21.768213272094727
2021-05-28,22.67557144165039
2021-05-31,22.574752807617188
2021-06-01,22.9276180267334
2021-06-02,23.414901733398438
2021-06-04,23.94419288635254
2021-06-07,23.767763137817383
2021-06-08,24.078617095947266
2021-06-09,24.078617095947266
2021-06-10,24.095420837402344
2021-06-11,24.003002166748047
2021-06-14,24.154232025146484
2021-06-15,24.38947296142578
2021-06-16,24.481887817382812
2021-06-17,23.633338928222656
2021-06-18,23.792966842651367
2021-06-21,24.3222599029541
2021-06-22,24.44828224182129
2021-06-23,24.616310119628906
2021-06-24,24.910362243652344
2021-06-25,24.44828224182129
2021-06-28,24.406272888183594
2021-06-29,24.515493392944336
2021-06-30,24.72553062438965
2021-07-01,24.414674758911133
2021-07-02,24.515493392944336
2021-07-05,24.238245010375977
2021-07-06,23.246871948242188
2021-07-07,23.566125869750977
2021-07-08,23.095643997192383
2021-07-12,23.297279357910156
2021-07-13,23.440105438232422
2021-07-14,23.246871948242188
2021-07-15,22.75118637084961
2021-07-16,22.41512680053711
2021-07-19,22.045459747314453
2021-07-20,22.33951187133789
2021-07-21,22.650365829467773
2021-07-22,22.599956512451172
2021-07-23,22.465534210205078
2021-07-26,23.078842163085938
2021-07-27,22.809995651245117
2021-07-28,23.28047752380371
2021-07-29,23.364492416381836
2021-07-30,22.608360290527344
2021-08-02,22.18828582763672
2021-08-03,22.557950973510742
2021-08-04,22.079069137573242
2021-08-05,23.818172454833984
2021-08-06,23.851776123046875
2021-08-09,23.683748245239258
2021-08-10,23.759361267089844
2021-08-11,24.087018966674805
2021-08-12,24.44828224182129
2021-08-13,24.6583194732666
2021-08-16,24.061813354492188
2021-08-17,24.061735153198242
2021-08-18,23.84809112548828
2021-08-19,23.714561462402344
2021-08-20,23.678955078125
2021-08-23,24.052833557128906
2021-08-24,24.55133628845215
2021-08-25,24.684864044189453
2021-08-26,24.471220016479492
2021-08-27,25.361406326293945
2021-08-30,25.192270278930664
2021-08-31,24.204164505004883
2021-09-01,24.070636749267578
2021-09-02,23.678955078125
2021-09-03,23.4386043548584
2021-09-06,23.5543270111084
2021-09-08,22.227949142456055
2021-09-09,22.699748992919922
2021-09-10,22.55731964111328
2021-09-13,23.349584579467773
2021-09-14,23.03801918029785
2021-09-15,23.4386043548584
2021-09-16,23.233861923217773
2021-09-17,22.19234275817871
2021-09-20,21.943090438842773
2021-09-21,22.44159507751465
2021-09-22,23.011314392089844
2021-09-23,23.89259910583496
2021-09-24,23.94601058959961
2021-09-27,24.15965461730957
2021-09-28,23.999420166015625
2021-09-29,24.382200241088867
2021-09-30,24.239770889282227
2021-10-01,24.925214767456055
2021-10-04,25.628463745117188
2021-10-05,26.189279556274414
2021-10-06,25.49493408203125
2021-10-07,25.459327697753906
2021-10-08,25.922224044799805
2021-10-11,26.10025978088379
2021-10-13,26.376218795776367
2021-10-14,26.42072868347168
2021-10-15,26.34951400756836
2021-10-18,26.215986251831055
2021-10-19,24.93411636352539
2021-10-20,25.37030792236328
2021-10-21,24.43561363220215
2021-10-22,24.195262908935547
2021-10-25,25.851009368896484
2021-10-26,25.601757049560547
2021-10-27,25.539443969726562
2021-10-28,25.77979278564453
2021-10-29,24.168556213378906
2021-11-01,24.925214767456055
2021-11-03,23.901500701904297
2021-11-04,23.14484214782715
2021-11-05,23.011314392089844
2021-11-08,23.251665115356445
2021-11-09,23.714561462402344
2021-11-10,23.52762222290039
2021-11-11,23.545427322387695
2021-11-12,24.026126861572266
2021-11-16,24.275379180908203
2021-11-17,23.661149978637695
2021-11-18,23.62554359436035
2021-11-19,23.233861923217773
2021-11-22,23.46531105041504
2021-11-23,24.747177124023438
2021-11-24,25.25458526611328
2021-11-25,26.36731719970703
2021-11-26,25.34360122680664
2021-11-29,26.233787536621094
2021-11-30,26.19818115234375
2021-12-01,26.34951400756836
2021-12-02,28.360000610351562
2021-12-03,28.760000228881836
2021-12-06,28.889999389648438
2021-12-07,29.360000610351562
2021-12-08,29.350000381469727
2021-12-09,29.290000915527344
2021-12-10,29.649999618530273
2021-12-13,29.469999313354492
2021-12-14,29.1200008392334
2021-12-15,29.299999237060547
2021-12-16,29.690000534057617
2021-12-17,28.989999771118164
2021-12-20,28.15999984741211
2021-12-21,28.200000762939453
2021-12-22,28.15999984741211
2021-12-23,28.329999923706055
2021-12-27,28.690000534057617
